ISIN,event_date,raw_return,abnormal_return,market_return,broad_shock,definition
100974271034,2019-09-27,-0.0527670527670526,-0.0537131191756256,0.0,False,raw_return<=-5% and abnormal_return<=rolling_1pct; 20d cooldown
100974271034,2020-03-23,-0.1447236180904523,-0.1050921471632203,-0.0217391304347825,True,raw_return<=-5% and abnormal_return<=rolling_1pct; 20d cooldown
100974271034,2020-09-21,-0.0817843866171003,-0.0638350895608359,-0.0094117647058823,False,raw_return<=-5% and abnormal_return<=rolling_1pct; 20d cooldown
100974271034,2020-11-30,-0.0582010582010581,-0.0623442361991898,0.0,False,raw_return<=-5% and abnormal_return<=rolling_1pct; 20d cooldown
100974271034,2022-05-03,-0.0780841799709725,-0.0448691133278934,-0.0195580391160781,False,raw_return<=-5% and abnormal_return<=rolling_1pct; 20d cooldown
BE0974303357,2020-03-23,-0.1141304347826087,-0.0826026045546908,-0.0217391304347825,True,raw_return<=-5% and abnormal_return<=rolling_1pct; 20d cooldown
BE0974303357,2020-11-12,-0.0598870056497176,-0.0636269270034232,0.0,False,raw_return<=-5% and abnormal_return<=rolling_1pct; 20d cooldown
BE0974303357,2022-03-02,-0.0533333333333333,-0.0491207433829273,-0.0053908355795148,False,raw_return<=-5% and abnormal_return<=rolling_1pct; 20d cooldown
BE0974303357,2022-04-26,-0.0552325581395348,-0.0538705575774717,-0.0023419203747073,False,raw_return<=-5% and abnormal_return<=rolling_1pct; 20d cooldown
BE0974303357,2022-06-30,-0.0516605166051661,-0.0549730178133971,0.0,False,raw_return<=-5% and abnormal_return<=rolling_1pct; 20d cooldown
CH0198251305,2020-02-28,-0.0737116764514025,-0.0456676852800984,-0.0409561084707856,False,raw_return<=-5% and abnormal_return<=rolling_1pct; 20d cooldown
CH0198251305,2022-02-28,-0.0801720766523269,-0.0523399544035541,-0.0315789473684209,False,raw_return<=-5% and abnormal_return<=rolling_1pct; 20d cooldown
GRK014011008,2020-03-17,-0.1096153846153846,-0.1294777590887029,0.0166666666666666,True,raw_return<=-5% and abnormal_return<=rolling_1pct; 20d cooldown
GRK014011008,2020-05-18,-0.085820895522388,-0.0888538812685719,0.0056338028169014,False,raw_return<=-5% and abnormal_return<=rolling_1pct; 20d cooldown
GRK014011008,2020-06-15,-0.096078431372549,-0.0968108378497017,0.0,False,raw_return<=-5% and abnormal_return<=rolling_1pct; 20d cooldown
GRK014011008,2021-02-03,-0.123076923076923,-0.1241836375802778,0.0,False,raw_return<=-5% and abnormal_return<=rolling_1pct; 20d cooldown
GRK014011008,2021-04-15,-0.1239669421487603,-0.1251531586296536,0.0,False,raw_return<=-5% and abnormal_return<=rolling_1pct; 20d cooldown
GRK014011008,2022-03-07,-0.070539419087137,-0.0877295259775792,0.022,False,raw_return<=-5% and abnormal_return<=rolling_1pct; 20d cooldown
GRK014011008,2022-06-20,-0.074074074074074,-0.0748396378650035,0.0,False,raw_return<=-5% and abnormal_return<=rolling_1pct; 20d cooldown
GRK014011008,2022-11-28,-0.0775862068965517,-0.0755491233067375,-0.0066225165562914,False,raw_return<=-5% and abnormal_return<=rolling_1pct; 20d cooldown
GRS001003037,2020-10-26,-0.1148387096774194,-0.0901062790030225,-0.0118343195266272,False,raw_return<=-5% and abnormal_return<=rolling_1pct; 20d cooldown
GRS001003037,2021-04-29,-0.2989510489510489,-0.2999154114456929,0.0,False,raw_return<=-5% and abnormal_return<=rolling_1pct; 20d cooldown
GRS001003037,2021-08-26,-0.0968152866242036,-0.0981456438731519,0.0,False,raw_return<=-5% and abnormal_return<=rolling_1pct; 20d cooldown
GRS001003037,2021-09-30,-0.2686170212765957,-0.2683951657245066,0.0,False,raw_return<=-5% and abnormal_return<=rolling_1pct; 20d cooldown
GRS001003037,2021-11-22,-0.549367088607595,-0.532809655245836,-0.0071942446043165,False,raw_return<=-5% and abnormal_return<=rolling_1pct; 20d cooldown
GRS001003037,2021-12-27,-0.3436166721365278,-0.3344735932231206,0.0,False,raw_return<=-5% and abnormal_return<=rolling_1pct; 20d cooldown
GRS003003035,2020-03-18,-0.1138,-0.1166270178628249,0.0,True,raw_return<=-5% and abnormal_return<=rolling_1pct; 20d cooldown
GRS003003035,2020-04-21,-0.1313848675225347,-0.1337089718354355,0.0,True,raw_return<=-5% and abnormal_return<=rolling_1pct; 20d cooldown
GRS003003035,2022-07-14,-0.0506756756756756,-0.0547247820202294,0.0,False,raw_return<=-5% and abnormal_return<=rolling_1pct; 20d cooldown
GRS004013009,2022-02-24,-0.060475161987041,-0.0239116199655679,-0.0683544303797468,False,raw_return<=-5% and abnormal_return<=rolling_1pct; 20d cooldown
GRS014003032,2020-04-21,-0.1419816138917261,-0.1454508420121395,0.0,True,raw_return<=-5% and abnormal_return<=rolling_1pct; 20d cooldown
GRS014003032,2020-10-26,-0.2426160337552743,-0.2157265236913068,-0.0118343195266272,False,raw_return<=-5% and abnormal_return<=rolling_1pct; 20d cooldown
GRS014003032,2021-03-18,-0.2204545454545453,-0.2193349791204412,0.0,False,raw_return<=-5% and abnormal_return<=rolling_1pct; 20d cooldown
GRS014003032,2021-04-20,-0.5096153846153846,-0.5070259495034025,0.0,False,raw_return<=-5% and abnormal_return<=rolling_1pct; 20d cooldown
GRS014003032,2022-05-19,-0.0781512605042016,-0.0541721340054816,-0.0133729569093611,False,raw_return<=-5% and abnormal_return<=rolling_1pct; 20d cooldown
GRS014003032,2022-07-05,-0.1088888888888888,-0.0726250083591123,-0.0191789215686274,False,raw_return<=-5% and abnormal_return<=rolling_1pct; 20d cooldown
GRS015003007,2020-03-17,-0.126,-0.1632503561972599,0.0166666666666666,True,raw_return<=-5% and abnormal_return<=rolling_1pct; 20d cooldown
GRS015003007,2020-04-21,-0.1426938464469422,-0.1434183483222838,0.0,True,raw_return<=-5% and abnormal_return<=rolling_1pct; 20d cooldown
GRS015003007,2021-05-21,-0.2720967741935484,-0.2478882760502728,-0.0065040650406503,False,raw_return<=-5% and abnormal_return<=rolling_1pct; 20d cooldown
GRS015003007,2022-07-05,-0.0934787999008183,-0.0559031583048454,-0.0191789215686274,False,raw_return<=-5% and abnormal_return<=rolling_1pct; 20d cooldown
GRS015003007,2022-08-05,-0.0573330470259824,-0.0486794569341658,-0.0048661800486619,False,raw_return<=-5% and abnormal_return<=rolling_1pct; 20d cooldown
GRS045003001,2020-07-15,-0.1958762886597937,-0.1982531684515444,0.0,False,raw_return<=-5% and abnormal_return<=rolling_1pct; 20d cooldown
GRS045003001,2021-03-25,-0.1561904761904765,-0.1568691710643133,-0.0045226130653264,False,raw_return<=-5% and abnormal_return<=rolling_1pct; 20d cooldown
GRS045003001,2022-04-04,-0.1735537190082644,-0.1751144209360562,0.0,False,raw_return<=-5% and abnormal_return<=rolling_1pct; 20d cooldown
GRS045003001,2022-05-23,-0.1842105263157895,-0.1852148839945689,0.0,False,raw_return<=-5% and abnormal_return<=rolling_1pct; 20d cooldown
GRS045003001,2022-11-21,-0.1727272727272727,-0.1708522593432614,0.0,False,raw_return<=-5% and abnormal_return<=rolling_1pct; 20d cooldown
GRS047063003,2019-08-19,-0.0571428571428571,-0.1229487829974382,0.027907580477674,False,raw_return<=-5% and abnormal_return<=rolling_1pct; 20d cooldown
GRS047063003,2019-10-10,-0.0999999999999999,-0.1055155957655668,0.0,False,raw_return<=-5% and abnormal_return<=rolling_1pct; 20d cooldown
GRS047063003,2020-01-03,-0.1923076923076923,-0.1936176259967966,-0.0073672806067172,False,raw_return<=-5% and abnormal_return<=rolling_1pct; 20d cooldown
GRS047063003,2020-03-02,-0.0509090909090909,-0.165973886866734,0.0613983165897366,False,raw_return<=-5% and abnormal_return<=rolling_1pct; 20d cooldown
GRS047063003,2021-01-15,-0.1312500000000001,-0.1298042661129207,0.0,False,raw_return<=-5% and abnormal_return<=rolling_1pct; 20d cooldown
GRS047063003,2021-06-22,-0.1296728971962617,-0.1348415276318429,-0.0091874643154114,False,raw_return<=-5% and abnormal_return<=rolling_1pct; 20d cooldown
GRS047063003,2022-06-17,-0.0978723404255318,-0.0971048629536651,0.0013175230566535,False,raw_return<=-5% and abnormal_return<=rolling_1pct; 20d cooldown
GRS047063003,2022-10-28,-0.0869976359338061,-0.0855576226233251,-0.0003984063745019,False,raw_return<=-5% and abnormal_return<=rolling_1pct; 20d cooldown
GRS054003009,2021-05-07,-0.0517241379310343,-0.0544081382085201,0.0,False,raw_return<=-5% and abnormal_return<=rolling_1pct; 20d cooldown
GRS054003009,2021-10-08,-0.0521978021978022,-0.0554627870055672,0.0,False,raw_return<=-5% and abnormal_return<=rolling_1pct; 20d cooldown
GRS054003009,2021-12-29,-0.0528052805280528,-0.0558858802411805,0.0,False,raw_return<=-5% and abnormal_return<=rolling_1pct; 20d cooldown
GRS054003009,2022-02-03,-0.063063063063063,-0.0592865832033883,-0.0039999999999998,False,raw_return<=-5% and abnormal_return<=rolling_1pct; 20d cooldown
GRS054003009,2022-04-12,-0.0543130990415335,-0.0566926606112156,0.0,False,raw_return<=-5% and abnormal_return<=rolling_1pct; 20d cooldown
GRS054003009,2022-05-12,-0.1877022653721682,-0.1654486032121942,-0.0213333333333333,False,raw_return<=-5% and abnormal_return<=rolling_1pct; 20d cooldown
GRS054003009,2022-06-17,-0.0999999999999999,-0.1034539255188781,0.0013175230566535,False,raw_return<=-5% and abnormal_return<=rolling_1pct; 20d cooldown
GRS054003009,2022-07-18,-0.0825396825396825,-0.087062705371866,0.0028655582251099,False,raw_return<=-5% and abnormal_return<=rolling_1pct; 20d cooldown
GRS054003009,2022-09-02,-0.0789473684210526,-0.0801060088681553,0.0,False,raw_return<=-5% and abnormal_return<=rolling_1pct; 20d cooldown
GRS065003014,2019-10-09,-0.0566666666666664,-0.06959462991427,0.0061919504643963,False,raw_return<=-5% and abnormal_return<=rolling_1pct; 20d cooldown
GRS065003014,2020-03-12,-0.2319999999999999,-0.156731106318786,-0.0722527472527472,True,raw_return<=-5% and abnormal_return<=rolling_1pct; 20d cooldown
GRS065003014,2020-11-10,-0.059071729957806,-0.062898775683218,0.0,False,raw_return<=-5% and abnormal_return<=rolling_1pct; 20d cooldown
GRS065003014,2021-07-28,-0.0524017467248908,-0.0537176736596253,0.0,False,raw_return<=-5% and abnormal_return<=rolling_1pct; 20d cooldown
GRS065003014,2022-05-03,-0.0672489082969431,-0.0540084956393553,-0.0195580391160781,False,raw_return<=-5% and abnormal_return<=rolling_1pct; 20d cooldown
GRS070003009,2019-12-10,-0.2871690427698574,-0.2903018441017477,0.0,False,raw_return<=-5% and abnormal_return<=rolling_1pct; 20d cooldown
GRS070003009,2020-03-23,-0.1709401709401709,-0.1327673761859868,-0.0217391304347825,True,raw_return<=-5% and abnormal_return<=rolling_1pct; 20d cooldown
GRS070003009,2021-01-01,-0.1083743842364531,-0.0964279537089316,-0.0087719298245614,False,raw_return<=-5% and abnormal_return<=rolling_1pct; 20d cooldown
GRS070003009,2021-04-15,-0.2996794871794872,-0.3033711028079254,0.0,False,raw_return<=-5% and abnormal_return<=rolling_1pct; 20d cooldown
GRS070003009,2021-12-27,-0.2195931921959318,-0.2211810802197083,0.0,False,raw_return<=-5% and abnormal_return<=rolling_1pct; 20d cooldown
GRS070003009,2022-05-05,-0.3,-0.2886215994065316,-0.0089086859688195,False,raw_return<=-5% and abnormal_return<=rolling_1pct; 20d cooldown
GRS084003011,2019-08-15,-0.0595000000000001,-0.1207215344871133,0.0189753669708225,False,raw_return<=-5% and abnormal_return<=rolling_1pct; 20d cooldown
GRS084003011,2020-03-16,-0.1874999999999999,-0.1112154453844471,-0.0666666666666665,True,raw_return<=-5% and abnormal_return<=rolling_1pct; 20d cooldown
GRS084003011,2020-11-30,-0.0719999999999999,-0.0726340486028073,0.0,False,raw_return<=-5% and abnormal_return<=rolling_1pct; 20d cooldown
GRS084003011,2021-04-02,-0.0755555555555554,-0.0665386566488624,-0.0071161048689138,False,raw_return<=-5% and abnormal_return<=rolling_1pct; 20d cooldown
GRS084003011,2022-01-06,-0.088135593220339,-0.0774057876588287,-0.007659574468085,False,raw_return<=-5% and abnormal_return<=rolling_1pct; 20d cooldown
GRS084003011,2022-09-07,-0.0525971904606338,-0.0556974000352645,0.0,False,raw_return<=-5% and abnormal_return<=rolling_1pct; 20d cooldown
GRS087003000,2020-05-04,-0.1087207068766806,-0.0621695987968648,-0.0246305418719211,True,raw_return<=-5% and abnormal_return<=rolling_1pct; 20d cooldown
GRS087003000,2020-08-07,-0.057142857142857,-0.058251574555618,0.0,False,raw_return<=-5% and abnormal_return<=rolling_1pct; 20d cooldown
GRS087003000,2021-04-15,-0.0647482014388488,-0.0690515980403836,0.0,False,raw_return<=-5% and abnormal_return<=rolling_1pct; 20d cooldown
GRS087003000,2021-09-30,-0.1299065420560747,-0.1353407649612793,0.0,False,raw_return<=-5% and abnormal_return<=rolling_1pct; 20d cooldown
GRS088003017,2020-02-27,-0.1155378486055775,-0.0657762059083543,-0.036900871459695,False,raw_return<=-5% and abnormal_return<=rolling_1pct; 20d cooldown
GRS088003017,2020-05-04,-0.1071428571428571,-0.0790888447276528,-0.0246305418719211,True,raw_return<=-5% and abnormal_return<=rolling_1pct; 20d cooldown
GRS088003017,2021-03-25,-0.0514657980456025,-0.0462172728341516,-0.0045226130653264,False,raw_return<=-5% and abnormal_return<=rolling_1pct; 20d cooldown
GRS088003017,2021-10-11,-0.05,-0.042398192183935,-0.0074626865671642,False,raw_return<=-5% and abnormal_return<=rolling_1pct; 20d cooldown
GRS088003017,2022-01-06,-0.0609375,-0.0520519881997524,-0.007659574468085,False,raw_return<=-5% and abnormal_return<=rolling_1pct; 20d cooldown
GRS088003017,2022-08-24,-0.1230769230769232,-0.1253754697590612,0.0,False,raw_return<=-5% and abnormal_return<=rolling_1pct; 20d cooldown
GRS092103001,2019-09-04,-0.1968503937007875,-0.1988960137004567,0.0,False,raw_return<=-5% and abnormal_return<=rolling_1pct; 20d cooldown
GRS092103001,2019-10-24,-0.1714285714285714,-0.1712157197927813,0.0,False,raw_return<=-5% and abnormal_return<=rolling_1pct; 20d cooldown
GRS092103001,2020-02-14,-0.1951219512195121,-0.1973282065515553,0.0,False,raw_return<=-5% and abnormal_return<=rolling_1pct; 20d cooldown
GRS092103001,2020-07-06,-0.196078431372549,-0.1997639186906482,0.0,False,raw_return<=-5% and abnormal_return<=rolling_1pct; 20d cooldown
GRS092103001,2020-12-23,-0.1834319526627218,-0.1850896926894867,0.0,False,raw_return<=-5% and abnormal_return<=rolling_1pct; 20d cooldown
GRS092103001,2021-02-09,-0.1933333333333333,-0.1990724325400838,-0.0099009900990099,False,raw_return<=-5% and abnormal_return<=rolling_1pct; 20d cooldown
GRS092103001,2022-03-04,-0.1954887218045112,-0.184629789548627,-0.0290697674418605,False,raw_return<=-5% and abnormal_return<=rolling_1pct; 20d cooldown
GRS092103001,2022-04-06,-0.1691176470588237,-0.1701071429420259,-0.0031813361611876,False,raw_return<=-5% and abnormal_return<=rolling_1pct; 20d cooldown
GRS092103001,2022-07-19,-0.2,-0.2017682604813187,0.0,False,raw_return<=-5% and abnormal_return<=rolling_1pct; 20d cooldown
GRS096003009,2020-03-03,-0.0778527703657195,-0.0417141553495582,-0.0214108082241153,False,raw_return<=-5% and abnormal_return<=rolling_1pct; 20d cooldown
GRS096003009,2020-03-31,-0.0552147239263802,-0.0558714129858006,0.0,False,raw_return<=-5% and abnormal_return<=rolling_1pct; 20d cooldown
GRS096003009,2020-10-29,-0.1138560687432869,-0.0759981213636667,-0.0466392318244168,False,raw_return<=-5% and abnormal_return<=rolling_1pct; 20d cooldown
GRS096003009,2022-10-31,-0.054584373885123,-0.0607628490770496,0.0043745594241905,False,raw_return<=-5% and abnormal_return<=rolling_1pct; 20d cooldown
GRS106003007,2020-03-11,-0.0699999999999999,-0.0584584498893633,-0.0094235033259423,True,raw_return<=-5% and abnormal_return<=rolling_1pct; 20d cooldown
GRS106003007,2020-09-18,-0.0642570281124498,-0.0655812203995146,0.0,False,raw_return<=-5% and abnormal_return<=rolling_1pct; 20d cooldown
GRS106003007,2020-12-24,-0.0622222222222222,-0.0632319407028001,-0.0012578616352201,False,raw_return<=-5% and abnormal_return<=rolling_1pct; 20d cooldown
GRS106003007,2021-04-30,-0.0702549575070821,-0.0692386545573759,-0.0018518518518517,False,raw_return<=-5% and abnormal_return<=rolling_1pct; 20d cooldown
GRS106003007,2021-07-09,-0.0579150579150579,-0.0860376187583067,0.0149915777653003,False,raw_return<=-5% and abnormal_return<=rolling_1pct; 20d cooldown
GRS106003007,2022-03-04,-0.099537037037037,-0.0785871963914826,-0.0290697674418605,False,raw_return<=-5% and abnormal_return<=rolling_1pct; 20d cooldown
GRS117123000,2020-03-10,-0.0931677018633541,-0.1074725903901229,0.0344827586206897,False,raw_return<=-5% and abnormal_return<=rolling_1pct; 20d cooldown
GRS117123000,2020-06-04,-0.0612244897959184,-0.0624031649423512,0.0,False,raw_return<=-5% and abnormal_return<=rolling_1pct; 20d cooldown
GRS117123000,2020-07-21,-0.0559440559440558,-0.0496950632626462,-0.0192593008879398,False,raw_return<=-5% and abnormal_return<=rolling_1pct; 20d cooldown
GRS117123000,2022-04-27,-0.05,-0.0322470185853176,-0.018882175226586,False,raw_return<=-5% and abnormal_return<=rolling_1pct; 20d cooldown
GRS117123000,2022-06-10,-0.0566037735849057,-0.0423447468989423,-0.0151515151515151,False,raw_return<=-5% and abnormal_return<=rolling_1pct; 20d cooldown
GRS117123000,2022-10-20,-0.0512820512820511,-0.0521603640170306,0.0,False,raw_return<=-5% and abnormal_return<=rolling_1pct; 20d cooldown
GRS120131008,2019-09-04,-0.0857142857142857,-0.0859254792489875,0.0,False,raw_return<=-5% and abnormal_return<=rolling_1pct; 20d cooldown
GRS131003006,2019-08-29,-0.2733812949640287,-0.2813417373161149,0.0021945021945023,False,raw_return<=-5% and abnormal_return<=rolling_1pct; 20d cooldown
GRS131003006,2021-04-19,-0.097560975609756,-0.1201367328943871,-0.0191176470588234,False,raw_return<=-5% and abnormal_return<=rolling_1pct; 20d cooldown
GRS131003006,2021-06-22,-0.0956521739130435,-0.0991938061176192,-0.0091874643154114,False,raw_return<=-5% and abnormal_return<=rolling_1pct; 20d cooldown
GRS131003006,2021-09-13,-0.096774193548387,-0.0998549475449449,-0.0026666666666665,False,raw_return<=-5% and abnormal_return<=rolling_1pct; 20d cooldown
GRS131003006,2021-12-27,-0.099025974025974,-0.1025960249849978,0.0,False,raw_return<=-5% and abnormal_return<=rolling_1pct; 20d cooldown
GRS135003002,2019-09-18,-0.1984126984126983,-0.1878124447961439,0.0050983436853001,False,raw_return<=-5% and abnormal_return<=rolling_1pct; 20d cooldown
GRS135003002,2019-11-21,-0.1851851851851852,-0.1915952916408708,-0.003732101616628,False,raw_return<=-5% and abnormal_return<=rolling_1pct; 20d cooldown
GRS135003002,2020-07-20,-0.188235294117647,-0.1938837523214899,0.0,False,raw_return<=-5% and abnormal_return<=rolling_1pct; 20d cooldown
GRS135003002,2021-01-12,-0.1971830985915492,-0.2061462198650966,0.0,False,raw_return<=-5% and abnormal_return<=rolling_1pct; 20d cooldown
GRS135003002,2021-10-01,-0.1282051282051282,-0.1361674596870404,0.0,False,raw_return<=-5% and abnormal_return<=rolling_1pct; 20d cooldown
GRS135003002,2022-05-13,-0.119047619047619,-0.1298345719573968,0.0072463768115942,False,raw_return<=-5% and abnormal_return<=rolling_1pct; 20d cooldown
GRS135003002,2022-07-11,-0.1883116883116883,-0.1806315870682461,-0.0067595341402146,False,raw_return<=-5% and abnormal_return<=rolling_1pct; 20d cooldown
GRS135003002,2022-10-13,-0.1428571428571429,-0.1453282919628914,0.0,False,raw_return<=-5% and abnormal_return<=rolling_1pct; 20d cooldown
GRS137003000,2019-12-06,-0.0545454545454544,-0.055302696053487,0.0,False,raw_return<=-5% and abnormal_return<=rolling_1pct; 20d cooldown
GRS137003000,2020-02-03,-0.0569948186528497,-0.0581360347037378,0.0,False,raw_return<=-5% and abnormal_return<=rolling_1pct; 20d cooldown
GRS137003000,2020-03-09,-0.1383647798742138,-0.0886979850251006,-0.118,True,raw_return<=-5% and abnormal_return<=rolling_1pct; 20d cooldown
GRS137003000,2020-05-15,-0.056338028169014,-0.0580173030038699,0.0,False,raw_return<=-5% and abnormal_return<=rolling_1pct; 20d cooldown
GRS137003000,2020-09-10,-0.0886075949367088,-0.0900380069052411,0.0,False,raw_return<=-5% and abnormal_return<=rolling_1pct; 20d cooldown
GRS137003000,2020-10-13,-0.0608108108108108,-0.062341493327406,0.0,False,raw_return<=-5% and abnormal_return<=rolling_1pct; 20d cooldown
GRS137003000,2021-04-30,-0.0781220657276995,-0.0769799812076738,-0.0018518518518517,False,raw_return<=-5% and abnormal_return<=rolling_1pct; 20d cooldown
GRS137003000,2022-03-08,-0.103568320278503,-0.047085680419708,-0.0529010238907849,True,raw_return<=-5% and abnormal_return<=rolling_1pct; 20d cooldown
GRS137003000,2022-07-11,-0.0564516129032258,-0.0502887161422614,-0.0067595341402146,False,raw_return<=-5% and abnormal_return<=rolling_1pct; 20d cooldown
GRS137003000,2022-10-05,-0.062992125984252,-0.0647810383160326,0.0,False,raw_return<=-5% and abnormal_return<=rolling_1pct; 20d cooldown
GRS144003001,2020-03-11,-0.0691244239631335,-0.0603173731031039,-0.0094235033259423,True,raw_return<=-5% and abnormal_return<=rolling_1pct; 20d cooldown
GRS144003001,2020-10-13,-0.066098081023454,-0.0665225513984373,0.0,False,raw_return<=-5% and abnormal_return<=rolling_1pct; 20d cooldown
GRS144003001,2021-04-16,-0.0571428571428571,-0.0572587509899833,0.0,False,raw_return<=-5% and abnormal_return<=rolling_1pct; 20d cooldown
GRS144003001,2021-05-18,-0.0599078341013824,-0.0605654922991253,0.0,False,raw_return<=-5% and abnormal_return<=rolling_1pct; 20d cooldown
GRS144003001,2021-09-27,-0.0608695652173911,-0.0620294005216336,0.0,False,raw_return<=-5% and abnormal_return<=rolling_1pct; 20d cooldown
GRS144003001,2022-06-10,-0.0599173553719007,-0.0432843460210952,-0.0151515151515151,False,raw_return<=-5% and abnormal_return<=rolling_1pct; 20d cooldown
GRS144003001,2022-08-05,-0.0991735537190082,-0.0948073474834617,-0.0048661800486619,False,raw_return<=-5% and abnormal_return<=rolling_1pct; 20d cooldown
GRS145003000,2020-03-09,-0.2687074829931972,-0.0505603217718978,-0.118,True,raw_return<=-5% and abnormal_return<=rolling_1pct; 20d cooldown
GRS145003000,2021-02-19,-0.0643985419198056,-0.067944145957479,0.0,False,raw_return<=-5% and abnormal_return<=rolling_1pct; 20d cooldown
GRS147233001,2020-03-23,-0.0732600732600733,-0.0513044454565995,-0.0217391304347825,True,raw_return<=-5% and abnormal_return<=rolling_1pct; 20d cooldown
GRS147233001,2020-09-22,-0.0608108108108108,-0.0610068962656348,0.0,False,raw_return<=-5% and abnormal_return<=rolling_1pct; 20d cooldown
GRS147233001,2021-05-17,-0.0527777777777778,-0.0533603636442519,0.0,False,raw_return<=-5% and abnormal_return<=rolling_1pct; 20d cooldown
GRS147233001,2022-07-26,-0.0536277602523659,-0.0549379321143509,0.0,False,raw_return<=-5% and abnormal_return<=rolling_1pct; 20d cooldown
GRS148003015,2020-01-07,-0.1014492753623187,-0.1028754072458151,0.0003111387678905,False,raw_return<=-5% and abnormal_return<=rolling_1pct; 20d cooldown
GRS148003015,2020-03-24,-0.0999999999999999,-0.1219964679827685,0.024390243902439,False,raw_return<=-5% and abnormal_return<=rolling_1pct; 20d cooldown
GRS148003015,2020-05-01,-0.1721804511278196,-0.1736441472107236,0.0,False,raw_return<=-5% and abnormal_return<=rolling_1pct; 20d cooldown
GRS148003015,2021-06-18,-0.1094674556213017,-0.1044466534631178,-0.006552217453505,False,raw_return<=-5% and abnormal_return<=rolling_1pct; 20d cooldown
GRS148003015,2022-06-27,-0.0547550432276657,-0.0569398433901017,0.0,False,raw_return<=-5% and abnormal_return<=rolling_1pct; 20d cooldown
GRS148003015,2022-09-27,-0.0760869565217392,-0.0788596901951992,0.0,False,raw_return<=-5% and abnormal_return<=rolling_1pct; 20d cooldown
GRS165063009,2019-08-16,-0.0774487471526194,-0.11577552741522,-0.0251970011487536,False,raw_return<=-5% and abnormal_return<=rolling_1pct; 20d cooldown
GRS165063009,2021-04-19,-0.1157024793388429,-0.1002621045458349,-0.0191176470588234,False,raw_return<=-5% and abnormal_return<=rolling_1pct; 20d cooldown
GRS165063009,2021-05-24,-0.0857142857142856,-0.0901891873039341,0.0011428571428571,False,raw_return<=-5% and abnormal_return<=rolling_1pct; 20d cooldown
GRS165063009,2021-10-21,-0.0838709677419355,-0.0881434231232154,0.0,False,raw_return<=-5% and abnormal_return<=rolling_1pct; 20d cooldown
GRS165063009,2022-07-13,-0.0769230769230769,-0.0790146682147286,0.0,False,raw_return<=-5% and abnormal_return<=rolling_1pct; 20d cooldown
GRS165063009,2022-09-29,-0.0787878787878787,-0.0791967517795655,-0.0011764705882352,False,raw_return<=-5% and abnormal_return<=rolling_1pct; 20d cooldown
GRS165063009,2022-11-29,-0.0693641618497109,-0.0716861380571017,0.0,False,raw_return<=-5% and abnormal_return<=rolling_1pct; 20d cooldown
GRS184003002,2020-04-23,-0.2,-0.2060771370414442,0.0046296296296295,False,raw_return<=-5% and abnormal_return<=rolling_1pct; 20d cooldown
GRS184003002,2020-06-08,-0.2070866141732283,-0.2068566267499783,-0.0060869565217391,False,raw_return<=-5% and abnormal_return<=rolling_1pct; 20d cooldown
GRS184003002,2021-10-06,-0.19,-0.1935842747862171,-0.001953125,False,raw_return<=-5% and abnormal_return<=rolling_1pct; 20d cooldown
GRS184003002,2022-05-05,-0.1921397379912663,-0.1910234871491148,-0.0089086859688195,False,raw_return<=-5% and abnormal_return<=rolling_1pct; 20d cooldown
GRS184003002,2022-06-02,-0.1807909604519774,-0.1834785595192627,-0.0033003300330032,False,raw_return<=-5% and abnormal_return<=rolling_1pct; 20d cooldown
GRS191213008,2020-03-05,-0.299660441426146,-0.1520367512521748,-0.0488088512241054,True,raw_return<=-5% and abnormal_return<=rolling_1pct; 20d cooldown
GRS191213008,2020-04-10,-0.1868811881188119,-0.1448343384172414,-0.0208277703604806,False,raw_return<=-5% and abnormal_return<=rolling_1pct; 20d cooldown
GRS191213008,2020-09-08,-0.1461187214611871,-0.1320393258081283,-0.0071942446043165,False,raw_return<=-5% and abnormal_return<=rolling_1pct; 20d cooldown
GRS191213008,2021-04-06,-0.065363219895288,-0.0834899463943626,0.0044929396662387,False,raw_return<=-5% and abnormal_return<=rolling_1pct; 20d cooldown
GRS191213008,2021-07-16,-0.1409395973154362,-0.1468613640216317,0.0020950210378681,False,raw_return<=-5% and abnormal_return<=rolling_1pct; 20d cooldown
GRS191213008,2021-10-13,-0.1032258064516129,-0.1037693629066689,0.0,False,raw_return<=-5% and abnormal_return<=rolling_1pct; 20d cooldown
GRS191213008,2022-07-25,-0.0569767441860464,-0.0595677333383825,0.0,False,raw_return<=-5% and abnormal_return<=rolling_1pct; 20d cooldown
GRS204003008,2020-03-11,-0.053475935828877,-0.0441428651784248,-0.0094235033259423,True,raw_return<=-5% and abnormal_return<=rolling_1pct; 20d cooldown
GRS204003008,2022-02-24,-0.1282051282051282,-0.1110976160158898,-0.0683544303797468,False,raw_return<=-5% and abnormal_return<=rolling_1pct; 20d cooldown
GRS204003008,2022-05-09,-0.067431850789096,-0.062546926032958,-0.0064308681672026,False,raw_return<=-5% and abnormal_return<=rolling_1pct; 20d cooldown
GRS204003008,2022-08-30,-0.0553892215568861,-0.0556873096003187,0.0,False,raw_return<=-5% and abnormal_return<=rolling_1pct; 20d cooldown
GRS208303008,2019-08-15,-0.0773255813953488,-0.1029002506136305,0.0189753669708225,False,raw_return<=-5% and abnormal_return<=rolling_1pct; 20d cooldown
GRS208303008,2019-10-02,-0.0730897009966776,-0.0764637765232283,-0.0201005025125627,False,raw_return<=-5% and abnormal_return<=rolling_1pct; 20d cooldown
GRS208303008,2020-02-24,-0.1164383561643834,-0.0627087483272657,-0.0807623542873488,True,raw_return<=-5% and abnormal_return<=rolling_1pct; 20d cooldown
GRS208303008,2021-05-25,-0.0515151515151515,-0.0523179503545959,-0.000768049155146,False,raw_return<=-5% and abnormal_return<=rolling_1pct; 20d cooldown
GRS208303008,2022-10-24,-0.0853333333333332,-0.0911008614836287,0.0041626447876447,False,raw_return<=-5% and abnormal_return<=rolling_1pct; 20d cooldown
GRS213213002,2020-01-22,-0.2094594594594595,-0.2144229421304953,0.0005555555555555,False,raw_return<=-5% and abnormal_return<=rolling_1pct; 20d cooldown
GRS213213002,2020-03-23,-0.1279461279461279,-0.0809735278830111,-0.0217391304347825,True,raw_return<=-5% and abnormal_return<=rolling_1pct; 20d cooldown
GRS213213002,2021-03-25,-0.0676190476190476,-0.0596786133226451,-0.0045226130653264,False,raw_return<=-5% and abnormal_return<=rolling_1pct; 20d cooldown
GRS213213002,2021-06-01,-0.1073170731707315,-0.1114587638633126,0.0,False,raw_return<=-5% and abnormal_return<=rolling_1pct; 20d cooldown
GRS213213002,2022-06-27,-0.050464807436919,-0.0512428160854444,0.0,False,raw_return<=-5% and abnormal_return<=rolling_1pct; 20d cooldown
GRS222213001,2019-09-30,-0.1805555555555555,-0.182708335749669,0.0,True,raw_return<=-5% and abnormal_return<=rolling_1pct; 20d cooldown
GRS222213001,2020-05-04,-0.1024751330094841,-0.0616218532227907,-0.0246305418719211,True,raw_return<=-5% and abnormal_return<=rolling_1pct; 20d cooldown
GRS222213001,2020-06-26,-0.0841836734693878,-0.0845146206672956,0.0,False,raw_return<=-5% and abnormal_return<=rolling_1pct; 20d cooldown
GRS222213001,2022-06-16,-0.0879999999999999,-0.0584774355996599,-0.0202429149797571,False,raw_return<=-5% and abnormal_return<=rolling_1pct; 20d cooldown
GRS222213001,2022-08-17,-0.0503875968992247,-0.0521512036556195,0.0,False,raw_return<=-5% and abnormal_return<=rolling_1pct; 20d cooldown
GRS237003009,2021-05-06,-0.1584905660377359,-0.1626909845040326,0.0,False,raw_return<=-5% and abnormal_return<=rolling_1pct; 20d cooldown
GRS237003009,2022-03-04,-0.2039473684210526,-0.1727512792845068,-0.0290697674418605,False,raw_return<=-5% and abnormal_return<=rolling_1pct; 20d cooldown
GRS239003007,2020-05-11,-0.0695187165775401,-0.0704840432719841,0.0,False,raw_return<=-5% and abnormal_return<=rolling_1pct; 20d cooldown
GRS239003007,2021-09-10,-0.0568319226118499,-0.0602695935926581,-0.002659574468085,False,raw_return<=-5% and abnormal_return<=rolling_1pct; 20d cooldown
GRS239003007,2022-04-14,-0.0677966101694915,-0.0697700927193121,0.0,False,raw_return<=-5% and abnormal_return<=rolling_1pct; 20d cooldown
GRS240003012,2020-03-06,-0.0999999999999999,-0.1047625206639967,-0.0442789968652038,False,raw_return<=-5% and abnormal_return<=rolling_1pct; 20d cooldown
GRS240003012,2020-05-07,-0.0944444444444445,-0.0950758738435871,0.0,False,raw_return<=-5% and abnormal_return<=rolling_1pct; 20d cooldown
GRS240003012,2020-07-28,-0.0947368421052631,-0.0956963879844782,0.0,False,raw_return<=-5% and abnormal_return<=rolling_1pct; 20d cooldown
GRS240003012,2021-12-01,-0.0863309352517986,-0.0956201225895261,0.0085348506401137,False,raw_return<=-5% and abnormal_return<=rolling_1pct; 20d cooldown
GRS240003012,2022-06-16,-0.0708333333333333,-0.0554863942225467,-0.0202429149797571,False,raw_return<=-5% and abnormal_return<=rolling_1pct; 20d cooldown
GRS240003012,2022-10-03,-0.0588235294117647,-0.0608405643278843,0.0029345754695321,False,raw_return<=-5% and abnormal_return<=rolling_1pct; 20d cooldown
GRS245213004,2019-09-10,-0.0884353741496599,-0.0830938036072463,-0.0027510316368638,False,raw_return<=-5% and abnormal_return<=rolling_1pct; 20d cooldown
GRS245213004,2020-03-11,-0.0830721003134796,-0.0680486985556637,-0.0094235033259423,True,raw_return<=-5% and abnormal_return<=rolling_1pct; 20d cooldown
GRS245213004,2022-03-08,-0.1130298273155414,-0.0411047855622073,-0.0529010238907849,True,raw_return<=-5% and abnormal_return<=rolling_1pct; 20d cooldown
GRS246073001,2020-08-11,-0.1768292682926828,-0.1797229219526669,0.0,False,raw_return<=-5% and abnormal_return<=rolling_1pct; 20d cooldown
GRS246073001,2020-10-06,-0.1374999999999999,-0.1414578053538509,0.0013717421124828,False,raw_return<=-5% and abnormal_return<=rolling_1pct; 20d cooldown
GRS246073001,2021-11-01,-0.1785714285714286,-0.1806681999565362,0.0,False,raw_return<=-5% and abnormal_return<=rolling_1pct; 20d cooldown
GRS246073001,2021-12-13,-0.1039999999999998,-0.0997965940150067,-0.0098039215686274,False,raw_return<=-5% and abnormal_return<=rolling_1pct; 20d cooldown
GRS246073001,2022-02-24,-0.1627906976744185,-0.1146144011635693,-0.0683544303797468,False,raw_return<=-5% and abnormal_return<=rolling_1pct; 20d cooldown
GRS246073001,2022-05-09,-0.1422222222222222,-0.1351855883268636,-0.0064308681672026,False,raw_return<=-5% and abnormal_return<=rolling_1pct; 20d cooldown
GRS247003007,2020-12-22,-0.1356466876971608,-0.1523074670141157,0.0113240418118465,False,raw_return<=-5% and abnormal_return<=rolling_1pct; 20d cooldown
GRS247003007,2022-05-06,-0.1028708133971291,-0.0919561757378334,-0.0186915887850467,False,raw_return<=-5% and abnormal_return<=rolling_1pct; 20d cooldown
GRS247003007,2022-06-27,-0.0969162995594714,-0.0986976935616313,0.0,False,raw_return<=-5% and abnormal_return<=rolling_1pct; 20d cooldown
GRS247003007,2022-08-29,-0.1071428571428571,-0.0983539272451215,-0.0190943807965083,False,raw_return<=-5% and abnormal_return<=rolling_1pct; 20d cooldown
GRS259003002,2019-08-19,-0.0544217687074829,-0.0979272234587887,0.027907580477674,False,raw_return<=-5% and abnormal_return<=rolling_1pct; 20d cooldown
GRS259003002,2020-02-04,-0.0555555555555554,-0.0580994114022872,0.0065003587860369,False,raw_return<=-5% and abnormal_return<=rolling_1pct; 20d cooldown
GRS259003002,2020-03-03,-0.078537000283527,-0.0707697434415508,-0.0214108082241153,False,raw_return<=-5% and abnormal_return<=rolling_1pct; 20d cooldown
GRS259003002,2021-07-13,-0.0710382513661203,-0.0724362620371915,0.0,False,raw_return<=-5% and abnormal_return<=rolling_1pct; 20d cooldown
GRS259003002,2021-09-21,-0.0817610062893082,-0.082141493252177,0.0,False,raw_return<=-5% and abnormal_return<=rolling_1pct; 20d cooldown
GRS259003002,2022-05-13,-0.0522388059701492,-0.0557131670004789,0.0072463768115942,False,raw_return<=-5% and abnormal_return<=rolling_1pct; 20d cooldown
GRS259003002,2022-07-27,-0.0882352941176469,-0.0878682498932723,0.0,False,raw_return<=-5% and abnormal_return<=rolling_1pct; 20d cooldown
GRS259003002,2022-09-21,-0.0503597122302158,-0.0489574159406136,-0.0025773195876288,False,raw_return<=-5% and abnormal_return<=rolling_1pct; 20d cooldown
GRS259003002,2022-10-24,-0.0656934306569342,-0.0690144402971282,0.0041626447876447,False,raw_return<=-5% and abnormal_return<=rolling_1pct; 20d cooldown
GRS260333000,2020-03-12,-0.1072386058981232,-0.0529484607269057,-0.0722527472527472,True,raw_return<=-5% and abnormal_return<=rolling_1pct; 20d cooldown
GRS260333000,2022-03-08,-0.1115901741646339,-0.0719285881833616,-0.0529010238907849,True,raw_return<=-5% and abnormal_return<=rolling_1pct; 20d cooldown
GRS260333000,2022-06-14,-0.0908565483759102,-0.0547769600234928,-0.050632911392405,False,raw_return<=-5% and abnormal_return<=rolling_1pct; 20d cooldown
GRS265003004,2021-12-28,-0.1304347826086955,-0.1344946538951669,0.0,False,raw_return<=-5% and abnormal_return<=rolling_1pct; 20d cooldown
GRS265003004,2022-03-04,-0.1478260869565216,-0.1244058702239089,-0.0290697674418605,False,raw_return<=-5% and abnormal_return<=rolling_1pct; 20d cooldown
GRS275073005,2019-08-21,-0.2476190476190476,-0.2558630302595425,0.0,False,raw_return<=-5% and abnormal_return<=rolling_1pct; 20d cooldown
GRS275073005,2019-12-16,-0.2787878787878788,-0.2797951898941132,-0.0036380954900845,False,raw_return<=-5% and abnormal_return<=rolling_1pct; 20d cooldown
GRS275073005,2021-08-13,-0.0755555555555554,-0.0825973282763156,0.0,False,raw_return<=-5% and abnormal_return<=rolling_1pct; 20d cooldown
GRS275073005,2021-10-01,-0.0660194174757282,-0.0719542038687302,0.0,False,raw_return<=-5% and abnormal_return<=rolling_1pct; 20d cooldown
GRS275073005,2021-11-30,-0.0706638115631692,-0.0739076759403737,0.0,False,raw_return<=-5% and abnormal_return<=rolling_1pct; 20d cooldown
GRS275073005,2022-05-16,-0.0919037199124727,-0.0931093799886499,0.0,False,raw_return<=-5% and abnormal_return<=rolling_1pct; 20d cooldown
GRS277023008,2019-08-16,-0.0729034976822587,-0.0525206538620173,-0.0251970011487536,False,raw_return<=-5% and abnormal_return<=rolling_1pct; 20d cooldown
GRS277023008,2019-10-03,-0.0569395017793594,-0.0520193952098229,-0.0043290043290042,False,raw_return<=-5% and abnormal_return<=rolling_1pct; 20d cooldown
GRS277023008,2020-03-16,-0.1420118343195265,-0.0737040126132203,-0.0666666666666665,True,raw_return<=-5% and abnormal_return<=rolling_1pct; 20d cooldown
GRS282183003,2020-03-11,-0.0832782551222737,-0.0686991295232277,-0.0094235033259423,True,raw_return<=-5% and abnormal_return<=rolling_1pct; 20d cooldown
GRS282183003,2020-04-16,-0.0697050938337801,-0.0778803179260459,0.0057142857142857,False,raw_return<=-5% and abnormal_return<=rolling_1pct; 20d cooldown
GRS284183001,2019-08-16,-0.1453674121405751,-0.1508341056541499,-0.0251970011487536,False,raw_return<=-5% and abnormal_return<=rolling_1pct; 20d cooldown
GRS284183001,2020-03-18,-0.2900763358778626,-0.2906587658150118,0.0,True,raw_return<=-5% and abnormal_return<=rolling_1pct; 20d cooldown
GRS284183001,2020-08-27,-0.1065989847715737,-0.1088554661641764,0.0,False,raw_return<=-5% and abnormal_return<=rolling_1pct; 20d cooldown
GRS284183001,2021-04-15,-0.0749999999999999,-0.0772824949785144,0.0,False,raw_return<=-5% and abnormal_return<=rolling_1pct; 20d cooldown
GRS284183001,2021-05-14,-0.146788990825688,-0.1504635866901343,0.0016,False,raw_return<=-5% and abnormal_return<=rolling_1pct; 20d cooldown
GRS284183001,2021-09-09,-0.1338582677165354,-0.1308063929685727,-0.0033222591362125,False,raw_return<=-5% and abnormal_return<=rolling_1pct; 20d cooldown
GRS284183001,2021-12-27,-0.15625,-0.1583340472813834,0.0,False,raw_return<=-5% and abnormal_return<=rolling_1pct; 20d cooldown
GRS284183001,2022-07-06,-0.176470588235294,-0.17826989099428,0.0,False,raw_return<=-5% and abnormal_return<=rolling_1pct; 20d cooldown
GRS289103004,2019-10-01,-0.1366906474820143,-0.1454808693601289,0.0,False,raw_return<=-5% and abnormal_return<=rolling_1pct; 20d cooldown
GRS295003008,2020-03-05,-0.1220930232558139,-0.1142459910426283,-0.0488088512241054,True,raw_return<=-5% and abnormal_return<=rolling_1pct; 20d cooldown
GRS295003008,2020-08-21,-0.1223628691983123,-0.1232977510997593,0.0,False,raw_return<=-5% and abnormal_return<=rolling_1pct; 20d cooldown
GRS295003008,2021-07-05,-0.1028368794326241,-0.0780151093100204,-0.0133038348082595,False,raw_return<=-5% and abnormal_return<=rolling_1pct; 20d cooldown
GRS295003008,2022-05-12,-0.0945945945945947,-0.0658128449797051,-0.0213333333333333,False,raw_return<=-5% and abnormal_return<=rolling_1pct; 20d cooldown
GRS295003008,2022-08-03,-0.0593220338983049,-0.0611417911527521,0.0,False,raw_return<=-5% and abnormal_return<=rolling_1pct; 20d cooldown
GRS298343005,2020-03-23,-0.0691588785046727,-0.0417113116592965,-0.0217391304347825,True,raw_return<=-5% and abnormal_return<=rolling_1pct; 20d cooldown
GRS298343005,2022-11-01,-0.0564399421128799,-0.0582639954638155,0.0,False,raw_return<=-5% and abnormal_return<=rolling_1pct; 20d cooldown
GRS299003004,2019-09-26,-0.1147540983606556,-0.1167145787310807,0.0,False,raw_return<=-5% and abnormal_return<=rolling_1pct; 20d cooldown
GRS299003004,2019-12-23,-0.1666666666666666,-0.1786402767500914,0.0118347338935573,False,raw_return<=-5% and abnormal_return<=rolling_1pct; 20d cooldown
GRS310003009,2019-12-24,-0.0570707070707068,-0.0481209625627054,-0.0107209457209456,False,raw_return<=-5% and abnormal_return<=rolling_1pct; 20d cooldown
GRS310003009,2020-03-11,-0.0571428571428571,-0.0483965580670013,-0.0094235033259423,True,raw_return<=-5% and abnormal_return<=rolling_1pct; 20d cooldown
GRS310003009,2022-03-08,-0.1204925241864556,-0.074681875345452,-0.0529010238907849,True,raw_return<=-5% and abnormal_return<=rolling_1pct; 20d cooldown
GRS310003009,2022-05-03,-0.0598290598290597,-0.0412604582943205,-0.0195580391160781,False,raw_return<=-5% and abnormal_return<=rolling_1pct; 20d cooldown
GRS314003005,2019-10-08,-0.0792910447761194,-0.0648122217308607,-0.0048780487804876,False,raw_return<=-5% and abnormal_return<=rolling_1pct; 20d cooldown
GRS314003005,2019-11-08,-0.0844354018311291,-0.086815769069629,0.0,False,raw_return<=-5% and abnormal_return<=rolling_1pct; 20d cooldown
GRS314003005,2020-06-12,-0.2098445595854923,-0.2120211914925028,0.0,False,raw_return<=-5% and abnormal_return<=rolling_1pct; 20d cooldown
GRS314003005,2020-09-23,-0.2982832618025751,-0.2984616186685554,0.0,False,raw_return<=-5% and abnormal_return<=rolling_1pct; 20d cooldown
GRS314003005,2021-04-15,-0.1265060240963855,-0.1244961514846221,0.0,False,raw_return<=-5% and abnormal_return<=rolling_1pct; 20d cooldown
GRS314003005,2022-08-03,-0.079113924050633,-0.0812971907280195,0.0,False,raw_return<=-5% and abnormal_return<=rolling_1pct; 20d cooldown
GRS315003004,2019-08-16,-0.1491491491491491,-0.1338512227656633,-0.0251970011487536,False,raw_return<=-5% and abnormal_return<=rolling_1pct; 20d cooldown
GRS315003004,2020-03-24,-0.1139240506329114,-0.1418758248717981,0.024390243902439,False,raw_return<=-5% and abnormal_return<=rolling_1pct; 20d cooldown
GRS315003004,2020-10-19,-0.1036036036036036,-0.1043678885477196,0.0,False,raw_return<=-5% and abnormal_return<=rolling_1pct; 20d cooldown
GRS315003004,2021-07-07,-0.059171597633136,-0.0624413204238828,0.0,False,raw_return<=-5% and abnormal_return<=rolling_1pct; 20d cooldown
GRS316003003,2019-09-23,-0.1721311475409835,-0.1741829998743845,0.0,False,raw_return<=-5% and abnormal_return<=rolling_1pct; 20d cooldown
GRS316003003,2020-03-02,-0.1238888888888888,-0.2713627494703293,0.0613983165897366,False,raw_return<=-5% and abnormal_return<=rolling_1pct; 20d cooldown
GRS316003003,2020-04-01,-0.1645569620253164,-0.1514242340400431,-0.0115830115830115,True,raw_return<=-5% and abnormal_return<=rolling_1pct; 20d cooldown
GRS316003003,2021-12-08,-0.10752688172043,-0.1115620342024605,0.0,False,raw_return<=-5% and abnormal_return<=rolling_1pct; 20d cooldown
GRS319103008,2020-03-27,-0.1208053691275167,-0.1164363986203075,-0.0106194690265487,True,raw_return<=-5% and abnormal_return<=rolling_1pct; 20d cooldown
GRS319103008,2021-06-10,-0.0619047619047619,-0.0692134157716969,0.0047948074903444,False,raw_return<=-5% and abnormal_return<=rolling_1pct; 20d cooldown
GRS319103008,2022-03-09,-0.0648148148148148,-0.0729641143496786,0.0263157894736842,False,raw_return<=-5% and abnormal_return<=rolling_1pct; 20d cooldown
GRS319103008,2022-05-04,-0.0598290598290597,-0.0611670238180409,0.0,False,raw_return<=-5% and abnormal_return<=rolling_1pct; 20d cooldown
GRS319103008,2022-06-15,-0.0813008130081301,-0.0824597341467416,0.0,False,raw_return<=-5% and abnormal_return<=rolling_1pct; 20d cooldown
GRS319103008,2022-08-24,-0.0583333333333333,-0.0592791525243529,0.0,False,raw_return<=-5% and abnormal_return<=rolling_1pct; 20d cooldown
GRS320313000,2020-03-09,-0.1546052631578948,-0.0506788868160986,-0.118,True,raw_return<=-5% and abnormal_return<=rolling_1pct; 20d cooldown
GRS320313000,2021-11-02,-0.0581395348837209,-0.055766596273741,-0.0035587188612099,False,raw_return<=-5% and abnormal_return<=rolling_1pct; 20d cooldown
GRS320313000,2022-09-26,-0.0536277602523659,-0.0507983991573796,-0.0035294117647058,False,raw_return<=-5% and abnormal_return<=rolling_1pct; 20d cooldown
GRS323003012,2020-03-17,-0.1052631578947368,-0.1449886472714717,0.0166666666666666,True,raw_return<=-5% and abnormal_return<=rolling_1pct; 20d cooldown
GRS323003012,2020-04-21,-0.1329479768786127,-0.1339098846540763,0.0,True,raw_return<=-5% and abnormal_return<=rolling_1pct; 20d cooldown
GRS323003012,2020-05-29,-0.1058823529411764,-0.1053173671181785,0.0,False,raw_return<=-5% and abnormal_return<=rolling_1pct; 20d cooldown
GRS323003012,2022-02-28,-0.1011049723756907,-0.0555707181264596,-0.0315789473684209,False,raw_return<=-5% and abnormal_return<=rolling_1pct; 20d cooldown
GRS323003012,2022-07-05,-0.1162904808635917,-0.0801842837901847,-0.0191789215686274,False,raw_return<=-5% and abnormal_return<=rolling_1pct; 20d cooldown
GRS326003019,2019-12-24,-0.0653333333333333,-0.0580370979707138,-0.0107209457209456,False,raw_return<=-5% and abnormal_return<=rolling_1pct; 20d cooldown
GRS326003019,2020-02-21,-0.0675675675675675,-0.0559531614553843,-0.0147354138398914,False,raw_return<=-5% and abnormal_return<=rolling_1pct; 20d cooldown
GRS326003019,2020-06-23,-0.0586206896551724,-0.0604248473819806,0.0,False,raw_return<=-5% and abnormal_return<=rolling_1pct; 20d cooldown
GRS326003019,2021-06-29,-0.0604395604395603,-0.0581603961350165,-0.0066195232193628,False,raw_return<=-5% and abnormal_return<=rolling_1pct; 20d cooldown
GRS326003019,2022-03-30,-0.0588235294117647,-0.0592570517782658,0.0,False,raw_return<=-5% and abnormal_return<=rolling_1pct; 20d cooldown
GRS326003019,2022-06-07,-0.0641025641025641,-0.0630572768009735,-0.0033444816053511,False,raw_return<=-5% and abnormal_return<=rolling_1pct; 20d cooldown
GRS329503007,2020-03-10,-0.0802139037433156,-0.1688203193235371,0.0344827586206897,False,raw_return<=-5% and abnormal_return<=rolling_1pct; 20d cooldown
GRS329503007,2020-08-31,-0.176470588235294,-0.1777512123219598,0.0,False,raw_return<=-5% and abnormal_return<=rolling_1pct; 20d cooldown
GRS329503007,2022-05-12,-0.0675675675675676,-0.0567799600584317,-0.0213333333333333,False,raw_return<=-5% and abnormal_return<=rolling_1pct; 20d cooldown
GRS329503007,2022-06-16,-0.0825688073394494,-0.0696550092273048,-0.0202429149797571,False,raw_return<=-5% and abnormal_return<=rolling_1pct; 20d cooldown
GRS331043000,2020-02-28,-0.0538461538461537,-0.0428355317496582,-0.0409561084707856,False,raw_return<=-5% and abnormal_return<=rolling_1pct; 20d cooldown
GRS331043000,2020-04-21,-0.0645161290322582,-0.0650877729288288,0.0,True,raw_return<=-5% and abnormal_return<=rolling_1pct; 20d cooldown
GRS331043000,2020-07-09,-0.0538461538461537,-0.0544823271488346,0.0,False,raw_return<=-5% and abnormal_return<=rolling_1pct; 20d cooldown
GRS331043000,2020-08-07,-0.0542635658914729,-0.0543223020280575,0.0,False,raw_return<=-5% and abnormal_return<=rolling_1pct; 20d cooldown
GRS331043000,2021-03-08,-0.0597014925373134,-0.0598797430055633,0.0,False,raw_return<=-5% and abnormal_return<=rolling_1pct; 20d cooldown
GRS331043000,2022-06-07,-0.0536130536130536,-0.0531106380370148,-0.0033444816053511,False,raw_return<=-5% and abnormal_return<=rolling_1pct; 20d cooldown
GRS331043000,2022-09-14,-0.0991379310344827,-0.1008761678445773,0.0,False,raw_return<=-5% and abnormal_return<=rolling_1pct; 20d cooldown
GRS332073006,2020-06-26,-0.1697247706422018,-0.1756776063145949,0.0,False,raw_return<=-5% and abnormal_return<=rolling_1pct; 20d cooldown
GRS332073006,2022-07-20,-0.0755395683453238,-0.0829331484165019,0.0026008417269589,False,raw_return<=-5% and abnormal_return<=rolling_1pct; 20d cooldown
GRS332073006,2022-08-31,-0.084942084942085,-0.0875186146485855,0.0,False,raw_return<=-5% and abnormal_return<=rolling_1pct; 20d cooldown
GRS337003008,2020-03-05,-0.1137724550898203,-0.0715532965248636,-0.0488088512241054,True,raw_return<=-5% and abnormal_return<=rolling_1pct; 20d cooldown
GRS337003008,2020-05-04,-0.1452089489235966,-0.1135027486873621,-0.0246305418719211,True,raw_return<=-5% and abnormal_return<=rolling_1pct; 20d cooldown
GRS343313003,2019-09-30,-0.1657519209659714,-0.1651063616435776,0.0,True,raw_return<=-5% and abnormal_return<=rolling_1pct; 20d cooldown
GRS343313003,2020-02-25,-0.142857142857143,-0.1608370962067344,0.0070057946233494,False,raw_return<=-5% and abnormal_return<=rolling_1pct; 20d cooldown
GRS343313003,2020-03-25,-0.1580555555555555,-0.1228214665945541,-0.0177777777777777,True,raw_return<=-5% and abnormal_return<=rolling_1pct; 20d cooldown
GRS343313003,2020-07-09,-0.1985294117647059,-0.1983186221542208,0.0,False,raw_return<=-5% and abnormal_return<=rolling_1pct; 20d cooldown
GRS343313003,2021-06-08,-0.1565656565656565,-0.1584994941096596,0.0,False,raw_return<=-5% and abnormal_return<=rolling_1pct; 20d cooldown
GRS343313003,2021-08-12,-0.0705882352941177,-0.0724802542398715,-0.0013679890560873,False,raw_return<=-5% and abnormal_return<=rolling_1pct; 20d cooldown
GRS343313003,2021-09-30,-0.1,-0.1079045789444765,0.0,False,raw_return<=-5% and abnormal_return<=rolling_1pct; 20d cooldown
GRS345503007,2020-03-11,-0.0666666666666666,-0.064378286926282,-0.0094235033259423,True,raw_return<=-5% and abnormal_return<=rolling_1pct; 20d cooldown
GRS345503007,2020-06-11,-0.055045871559633,-0.0519972432695053,-0.0065359477124183,False,raw_return<=-5% and abnormal_return<=rolling_1pct; 20d cooldown
GRS345503007,2020-09-30,-0.056,-0.0555705675469019,0.0,False,raw_return<=-5% and abnormal_return<=rolling_1pct; 20d cooldown
GRS345503007,2020-11-19,-0.0583333333333332,-0.0578345315705576,0.0,False,raw_return<=-5% and abnormal_return<=rolling_1pct; 20d cooldown
GRS345503007,2022-05-12,-0.0712166172106825,-0.0486979114226238,-0.0213333333333333,False,raw_return<=-5% and abnormal_return<=rolling_1pct; 20d cooldown
GRS346003007,2020-05-29,-0.1307692307692307,-0.1354259201743784,0.0,False,raw_return<=-5% and abnormal_return<=rolling_1pct; 20d cooldown
GRS346003007,2020-09-11,-0.1160220994475137,-0.1167117335506378,0.0,False,raw_return<=-5% and abnormal_return<=rolling_1pct; 20d cooldown
GRS346003007,2021-06-07,-0.111111111111111,-0.1117154025565533,0.0,False,raw_return<=-5% and abnormal_return<=rolling_1pct; 20d cooldown
GRS346003007,2021-11-16,-0.0799999999999999,-0.0842179352316692,0.0,False,raw_return<=-5% and abnormal_return<=rolling_1pct; 20d cooldown
GRS346003007,2022-03-01,-0.1555555555555555,-0.1246138899532562,-0.0120481927710844,False,raw_return<=-5% and abnormal_return<=rolling_1pct; 20d cooldown
GRS350263000,2020-03-17,-0.0992907801418438,-0.1250492527879081,0.0166666666666666,True,raw_return<=-5% and abnormal_return<=rolling_1pct; 20d cooldown
GRS350263000,2020-11-04,-0.1199999999999998,-0.1206596836114157,0.0,False,raw_return<=-5% and abnormal_return<=rolling_1pct; 20d cooldown
GRS350263000,2021-12-09,-0.0833333333333333,-0.085514260682841,0.0,False,raw_return<=-5% and abnormal_return<=rolling_1pct; 20d cooldown
GRS350263000,2022-03-02,-0.1111111111111111,-0.1068233524539306,-0.0053908355795148,False,raw_return<=-5% and abnormal_return<=rolling_1pct; 20d cooldown
GRS350263000,2022-03-31,-0.111111111111111,-0.1133521869848591,0.0,False,raw_return<=-5% and abnormal_return<=rolling_1pct; 20d cooldown
GRS350263000,2022-06-02,-0.0884955752212388,-0.0855019813787491,-0.0033003300330032,False,raw_return<=-5% and abnormal_return<=rolling_1pct; 20d cooldown
GRS350263000,2022-07-01,-0.2947368421052631,-0.2954617375232927,0.0,False,raw_return<=-5% and abnormal_return<=rolling_1pct; 20d cooldown
GRS350263000,2022-10-06,-0.1128712871287128,-0.1139682703380254,0.0,False,raw_return<=-5% and abnormal_return<=rolling_1pct; 20d cooldown
GRS354003006,2020-03-31,-0.0916666666666665,-0.0934819909463217,0.0,False,raw_return<=-5% and abnormal_return<=rolling_1pct; 20d cooldown
GRS354003006,2020-04-28,-0.0975609756097559,-0.0991886623742178,0.0,False,raw_return<=-5% and abnormal_return<=rolling_1pct; 20d cooldown
GRS354003006,2020-09-08,-0.0966386554621848,-0.0932753850112493,-0.0071942446043165,False,raw_return<=-5% and abnormal_return<=rolling_1pct; 20d cooldown
GRS354003006,2020-11-25,-0.0966542750929367,-0.0971075132721182,0.0,False,raw_return<=-5% and abnormal_return<=rolling_1pct; 20d cooldown
GRS354003006,2021-02-12,-0.0961538461538461,-0.0972374839078113,0.0,False,raw_return<=-5% and abnormal_return<=rolling_1pct; 20d cooldown
GRS354003006,2021-11-29,-0.1666666666666666,-0.1736889339960367,0.0135838804618519,False,raw_return<=-5% and abnormal_return<=rolling_1pct; 20d cooldown
GRS354003006,2022-05-06,-0.0552486187845304,-0.0652143573455084,-0.0186915887850467,False,raw_return<=-5% and abnormal_return<=rolling_1pct; 20d cooldown
GRS354003006,2022-08-03,-0.0693641618497109,-0.0690079115123726,0.0,False,raw_return<=-5% and abnormal_return<=rolling_1pct; 20d cooldown
GRS354003006,2022-08-31,-0.0818713450292397,-0.0811560667957669,0.0,False,raw_return<=-5% and abnormal_return<=rolling_1pct; 20d cooldown
GRS359353000,2020-03-11,-0.0508474576271187,-0.0416432052210065,-0.0094235033259423,True,raw_return<=-5% and abnormal_return<=rolling_1pct; 20d cooldown
GRS364253005,2019-10-02,-0.196078431372549,-0.2134505950693454,-0.0201005025125627,False,raw_return<=-5% and abnormal_return<=rolling_1pct; 20d cooldown
GRS364253005,2020-03-09,-0.1988636363636363,-0.1971215862724799,-0.118,True,raw_return<=-5% and abnormal_return<=rolling_1pct; 20d cooldown
GRS364253005,2020-06-26,-0.1999999999999999,-0.2024423603371872,0.0,False,raw_return<=-5% and abnormal_return<=rolling_1pct; 20d cooldown
GRS364253005,2021-04-30,-0.1413127413127414,-0.1431941390215699,-0.0018518518518517,False,raw_return<=-5% and abnormal_return<=rolling_1pct; 20d cooldown
GRS364253005,2022-08-05,-0.0597014925373134,-0.0539624116756651,-0.0048661800486619,False,raw_return<=-5% and abnormal_return<=rolling_1pct; 20d cooldown
GRS364253005,2022-10-11,-0.0506329113924051,-0.0520699568686971,0.0,False,raw_return<=-5% and abnormal_return<=rolling_1pct; 20d cooldown
GRS368313003,2019-08-16,-0.1133004926108374,-0.0814293941601019,-0.0251970011487536,False,raw_return<=-5% and abnormal_return<=rolling_1pct; 20d cooldown
GRS368313003,2019-10-08,-0.06,-0.0539327602582406,-0.0048780487804876,False,raw_return<=-5% and abnormal_return<=rolling_1pct; 20d cooldown
GRS368313003,2020-05-13,-0.0726872246696035,-0.0655879326772029,-0.0066666666666667,False,raw_return<=-5% and abnormal_return<=rolling_1pct; 20d cooldown
GRS368313003,2021-01-01,-0.0708598726114648,-0.0602388805058875,-0.0087719298245614,False,raw_return<=-5% and abnormal_return<=rolling_1pct; 20d cooldown
GRS368313003,2021-04-30,-0.1015873015873015,-0.100086281397201,-0.0018518518518517,False,raw_return<=-5% and abnormal_return<=rolling_1pct; 20d cooldown
GRS368313003,2021-10-28,-0.0587096774193548,-0.0623330948872066,-0.0004048582995952,False,raw_return<=-5% and abnormal_return<=rolling_1pct; 20d cooldown
GRS372003004,2020-03-09,-0.2993939393939394,-0.104660930091414,-0.118,True,raw_return<=-5% and abnormal_return<=rolling_1pct; 20d cooldown
GRS372003004,2020-11-23,-0.0793650793650794,-0.0796358852510728,0.0,False,raw_return<=-5% and abnormal_return<=rolling_1pct; 20d cooldown
GRS374003002,2019-08-26,-0.255952380952381,-0.2608955962391599,0.0,False,raw_return<=-5% and abnormal_return<=rolling_1pct; 20d cooldown
GRS374003002,2020-03-18,-0.2982456140350876,-0.3060858110518759,0.0,True,raw_return<=-5% and abnormal_return<=rolling_1pct; 20d cooldown
GRS374003002,2021-01-13,-0.1466666666666667,-0.1470715978257356,0.0,False,raw_return<=-5% and abnormal_return<=rolling_1pct; 20d cooldown
GRS374003002,2022-04-06,-0.0833333333333332,-0.0831147391940243,-0.0031813361611876,False,raw_return<=-5% and abnormal_return<=rolling_1pct; 20d cooldown
GRS374003002,2022-05-10,-0.096774193548387,-0.1002340480660555,0.0,False,raw_return<=-5% and abnormal_return<=rolling_1pct; 20d cooldown
GRS374003002,2022-07-01,-0.0875,-0.0905704332694208,0.0,False,raw_return<=-5% and abnormal_return<=rolling_1pct; 20d cooldown
GRS374003002,2022-11-14,-0.0863309352517984,-0.0890004483181123,0.0,False,raw_return<=-5% and abnormal_return<=rolling_1pct; 20d cooldown
GRS375183001,2019-10-03,-0.2982456140350876,-0.2925415601648747,-0.0043290043290042,False,raw_return<=-5% and abnormal_return<=rolling_1pct; 20d cooldown
GRS375183001,2020-03-10,-0.1709844559585492,-0.2190301471182851,0.0344827586206897,False,raw_return<=-5% and abnormal_return<=rolling_1pct; 20d cooldown
GRS375183001,2020-06-11,-0.2670623145400593,-0.2625627772485095,-0.0065359477124183,False,raw_return<=-5% and abnormal_return<=rolling_1pct; 20d cooldown
GRS375183001,2022-03-07,-0.0986486486486486,-0.1386496063174324,0.022,False,raw_return<=-5% and abnormal_return<=rolling_1pct; 20d cooldown
GRS375183001,2022-05-06,-0.1042780748663101,-0.0877428271646374,-0.0186915887850467,False,raw_return<=-5% and abnormal_return<=rolling_1pct; 20d cooldown
GRS379233000,2020-03-16,-0.1217391304347825,-0.1048540679845677,-0.0666666666666665,True,raw_return<=-5% and abnormal_return<=rolling_1pct; 20d cooldown
GRS379233000,2020-06-12,-0.078014184397163,-0.0783596227587366,0.0,False,raw_return<=-5% and abnormal_return<=rolling_1pct; 20d cooldown
GRS379233000,2020-08-28,-0.0692307692307693,-0.0696868202984948,0.0,False,raw_return<=-5% and abnormal_return<=rolling_1pct; 20d cooldown
GRS384003000,2020-03-12,-0.2416666666666667,-0.1489475915997818,-0.0722527472527472,True,raw_return<=-5% and abnormal_return<=rolling_1pct; 20d cooldown
GRS384003000,2020-07-08,-0.1052631578947368,-0.105872021761014,0.0,False,raw_return<=-5% and abnormal_return<=rolling_1pct; 20d cooldown
GRS384003000,2020-10-01,-0.1557788944723618,-0.154950530301473,0.0,False,raw_return<=-5% and abnormal_return<=rolling_1pct; 20d cooldown
GRS384003000,2022-06-29,-0.0588235294117647,-0.0609248889521051,0.0,False,raw_return<=-5% and abnormal_return<=rolling_1pct; 20d cooldown
GRS385113006,2019-12-09,-0.0672645739910313,-0.0577440683584811,-0.0078745039682539,False,raw_return<=-5% and abnormal_return<=rolling_1pct; 20d cooldown
GRS385113006,2020-03-31,-0.0780487804878048,-0.0804857965239682,0.0,False,raw_return<=-5% and abnormal_return<=rolling_1pct; 20d cooldown
GRS385113006,2020-07-13,-0.0601851851851851,-0.0618291940193841,0.0,False,raw_return<=-5% and abnormal_return<=rolling_1pct; 20d cooldown
GRS385113006,2021-09-16,-0.0619469026548671,-0.0640481951931178,0.0,False,raw_return<=-5% and abnormal_return<=rolling_1pct; 20d cooldown
GRS385113006,2021-11-11,-0.1048387096774192,-0.1063759590704195,0.0,False,raw_return<=-5% and abnormal_return<=rolling_1pct; 20d cooldown
GRS385113006,2022-04-01,-0.0777777777777778,-0.0832914100400059,0.009433962264151,False,raw_return<=-5% and abnormal_return<=rolling_1pct; 20d cooldown
GRS385113006,2022-05-20,-0.0756097560975609,-0.0774994175661951,0.0049019607843137,False,raw_return<=-5% and abnormal_return<=rolling_1pct; 20d cooldown
GRS385113006,2022-06-21,-0.08,-0.0818815642213054,0.005181347150259,False,raw_return<=-5% and abnormal_return<=rolling_1pct; 20d cooldown
GRS385113006,2022-08-25,-0.0829268292682926,-0.0828610845847023,0.0,False,raw_return<=-5% and abnormal_return<=rolling_1pct; 20d cooldown
GRS385113006,2022-11-11,-0.0882352941176469,-0.0876585060617349,0.0,False,raw_return<=-5% and abnormal_return<=rolling_1pct; 20d cooldown
GRS387503006,2020-02-28,-0.1891891891891892,-0.1837132702284965,-0.0409561084707856,False,raw_return<=-5% and abnormal_return<=rolling_1pct; 20d cooldown
GRS387503006,2020-03-27,-0.1886792452830189,-0.1834806124778153,-0.0106194690265487,True,raw_return<=-5% and abnormal_return<=rolling_1pct; 20d cooldown
GRS387503006,2021-07-20,-0.1708333333333332,-0.1726673207704936,0.0019238185621388,False,raw_return<=-5% and abnormal_return<=rolling_1pct; 20d cooldown
GRS387503006,2021-11-12,-0.1519999999999999,-0.1527688613318066,0.0,False,raw_return<=-5% and abnormal_return<=rolling_1pct; 20d cooldown
GRS387503006,2022-09-28,-0.0818181818181819,-0.0822197846147712,-0.0016638935108153,False,raw_return<=-5% and abnormal_return<=rolling_1pct; 20d cooldown
GRS393503008,2020-03-11,-0.0545454545454545,-0.0406809543161176,-0.0094235033259423,True,raw_return<=-5% and abnormal_return<=rolling_1pct; 20d cooldown
GRS393503008,2022-06-10,-0.0518867924528303,-0.0356466443232007,-0.0151515151515151,False,raw_return<=-5% and abnormal_return<=rolling_1pct; 20d cooldown
GRS393503008,2022-09-05,-0.0544977019041366,-0.0395199963576454,-0.012295081967213,False,raw_return<=-5% and abnormal_return<=rolling_1pct; 20d cooldown
GRS395363005,2020-03-11,-0.063235294117647,-0.0507810730768284,-0.0094235033259423,True,raw_return<=-5% and abnormal_return<=rolling_1pct; 20d cooldown
GRS396003006,2020-07-21,-0.0780487804878048,-0.0682095114825763,-0.0192593008879398,False,raw_return<=-5% and abnormal_return<=rolling_1pct; 20d cooldown
GRS396003006,2020-09-21,-0.0763888888888888,-0.0716569888674558,-0.0094117647058823,False,raw_return<=-5% and abnormal_return<=rolling_1pct; 20d cooldown
GRS396003006,2021-08-18,-0.1029900332225912,-0.0997329178596513,-0.0027434842249657,False,raw_return<=-5% and abnormal_return<=rolling_1pct; 20d cooldown
GRS396003006,2022-01-18,-0.0612244897959183,-0.0537857348862663,-0.0060606060606061,False,raw_return<=-5% and abnormal_return<=rolling_1pct; 20d cooldown
GRS396003006,2022-05-05,-0.0782608695652175,-0.06991504867145,-0.0089086859688195,False,raw_return<=-5% and abnormal_return<=rolling_1pct; 20d cooldown
GRS397003005,2020-04-16,-0.0695970695970695,-0.0754538250358957,0.0057142857142857,False,raw_return<=-5% and abnormal_return<=rolling_1pct; 20d cooldown
GRS397003005,2021-04-30,-0.0522255192878339,-0.0513008144707073,-0.0018518518518517,False,raw_return<=-5% and abnormal_return<=rolling_1pct; 20d cooldown
GRS397003005,2021-09-20,-0.0578947368421052,-0.0389529008862814,-0.0219178082191781,False,raw_return<=-5% and abnormal_return<=rolling_1pct; 20d cooldown
GRS402003008,2019-09-30,-0.0685483870967741,-0.0683930830210953,0.0,True,raw_return<=-5% and abnormal_return<=rolling_1pct; 20d cooldown
GRS402003008,2019-12-20,-0.053941908713693,-0.0537154561007562,0.0,False,raw_return<=-5% and abnormal_return<=rolling_1pct; 20d cooldown
GRS402003008,2020-02-24,-0.1129032258064516,-0.068948807996362,-0.0807623542873488,True,raw_return<=-5% and abnormal_return<=rolling_1pct; 20d cooldown
GRS402003008,2020-03-23,-0.0735294117647058,-0.0567892030527303,-0.0217391304347825,True,raw_return<=-5% and abnormal_return<=rolling_1pct; 20d cooldown
GRS402003008,2020-05-06,-0.0833333333333333,-0.0823926165999724,-0.0021459227467811,False,raw_return<=-5% and abnormal_return<=rolling_1pct; 20d cooldown
GRS402003008,2020-06-22,-0.1156716417910448,-0.1165759211667455,0.0,False,raw_return<=-5% and abnormal_return<=rolling_1pct; 20d cooldown
GRS402003008,2020-08-07,-0.0999999999999999,-0.1009708884670543,0.0,False,raw_return<=-5% and abnormal_return<=rolling_1pct; 20d cooldown
GRS402003008,2021-08-31,-0.0585858585858586,-0.0612520245021118,-0.0007800312012481,False,raw_return<=-5% and abnormal_return<=rolling_1pct; 20d cooldown
GRS402003008,2022-06-17,-0.0632911392405063,-0.0673404790549679,0.0013175230566535,False,raw_return<=-5% and abnormal_return<=rolling_1pct; 20d cooldown
GRS402003008,2022-09-02,-0.0625,-0.0639707346887176,0.0,False,raw_return<=-5% and abnormal_return<=rolling_1pct; 20d cooldown
GRS402003008,2022-10-03,-0.0536723163841807,-0.0583182845211213,0.0029345754695321,False,raw_return<=-5% and abnormal_return<=rolling_1pct; 20d cooldown
GRS403003007,2019-09-30,-0.108433734939759,-0.1105534507695938,0.0,True,raw_return<=-5% and abnormal_return<=rolling_1pct; 20d cooldown
GRS403003007,2020-03-12,-0.2113564668769716,-0.088192442901919,-0.0722527472527472,True,raw_return<=-5% and abnormal_return<=rolling_1pct; 20d cooldown
GRS403003007,2021-10-01,-0.0584415584415585,-0.0601158868422067,0.0,False,raw_return<=-5% and abnormal_return<=rolling_1pct; 20d cooldown
GRS403003007,2022-06-10,-0.0583333333333333,-0.0444142805835105,-0.0151515151515151,False,raw_return<=-5% and abnormal_return<=rolling_1pct; 20d cooldown
GRS404003006,2019-09-30,-0.0548387096774193,-0.05575203656036,0.0,True,raw_return<=-5% and abnormal_return<=rolling_1pct; 20d cooldown
GRS404003006,2019-11-20,-0.0550161812297734,-0.0559583128829355,0.0,False,raw_return<=-5% and abnormal_return<=rolling_1pct; 20d cooldown
GRS404003006,2020-03-05,-0.1428571428571429,-0.1183471456903463,-0.0488088512241054,True,raw_return<=-5% and abnormal_return<=rolling_1pct; 20d cooldown
GRS404003006,2020-09-04,-0.0594059405940594,-0.0595075166433095,0.0,False,raw_return<=-5% and abnormal_return<=rolling_1pct; 20d cooldown
GRS404003006,2021-06-16,-0.069672131147541,-0.0670804419586876,-0.0047240407688899,False,raw_return<=-5% and abnormal_return<=rolling_1pct; 20d cooldown
GRS405003005,2019-08-15,-0.0580310880829014,-0.0875313084007903,0.0189753669708225,False,raw_return<=-5% and abnormal_return<=rolling_1pct; 20d cooldown
GRS405003005,2019-10-28,-0.0775862068965517,-0.0805891609474382,0.0011282051282051,False,raw_return<=-5% and abnormal_return<=rolling_1pct; 20d cooldown
GRS405003005,2020-03-02,-0.1032792792792793,-0.1605172226426826,0.0613983165897366,False,raw_return<=-5% and abnormal_return<=rolling_1pct; 20d cooldown
GRS405003005,2020-06-04,-0.1239669421487603,-0.1273235357134234,0.0,False,raw_return<=-5% and abnormal_return<=rolling_1pct; 20d cooldown
GRS405003005,2021-04-23,-0.2298850574712643,-0.2330459192153427,0.0034129692832765,False,raw_return<=-5% and abnormal_return<=rolling_1pct; 20d cooldown
GRS405003005,2021-07-05,-0.0970149253731343,-0.1029553640839573,-0.0133038348082595,False,raw_return<=-5% and abnormal_return<=rolling_1pct; 20d cooldown
GRS406003004,2019-11-18,-0.1911111111111111,-0.196264417068037,0.0,False,raw_return<=-5% and abnormal_return<=rolling_1pct; 20d cooldown
GRS406003004,2020-04-06,-0.1913043478260869,-0.259040905755583,0.0451977401129943,False,raw_return<=-5% and abnormal_return<=rolling_1pct; 20d cooldown
GRS406003004,2020-08-20,-0.1689189189189188,-0.1715397393938863,0.0,False,raw_return<=-5% and abnormal_return<=rolling_1pct; 20d cooldown
GRS407183003,2020-05-04,-0.1018907563025209,-0.0901403229252788,-0.0246305418719211,True,raw_return<=-5% and abnormal_return<=rolling_1pct; 20d cooldown
GRS407183003,2020-09-01,-0.0999999999999999,-0.1003862973507269,0.0,False,raw_return<=-5% and abnormal_return<=rolling_1pct; 20d cooldown
GRS407183003,2021-08-31,-0.0677966101694914,-0.0674579293168555,-0.0007800312012481,False,raw_return<=-5% and abnormal_return<=rolling_1pct; 20d cooldown
GRS407183003,2021-11-09,-0.0642201834862385,-0.0656897894875527,0.0,False,raw_return<=-5% and abnormal_return<=rolling_1pct; 20d cooldown
GRS407183003,2022-02-24,-0.0981308411214954,-0.0753968494912975,-0.0683544303797468,False,raw_return<=-5% and abnormal_return<=rolling_1pct; 20d cooldown
GRS407183003,2022-07-04,-0.0714285714285715,-0.0733569718350205,0.0,False,raw_return<=-5% and abnormal_return<=rolling_1pct; 20d cooldown
GRS407183003,2022-08-09,-0.080188679245283,-0.0818843818393986,0.0,False,raw_return<=-5% and abnormal_return<=rolling_1pct; 20d cooldown
GRS407183003,2022-11-01,-0.1,-0.1013106659953513,0.0,False,raw_return<=-5% and abnormal_return<=rolling_1pct; 20d cooldown
GRS412503005,2019-10-01,-0.0933333333333332,-0.096145499244733,0.0,False,raw_return<=-5% and abnormal_return<=rolling_1pct; 20d cooldown
GRS412503005,2020-02-10,-0.0807860262008733,-0.0830800219336717,0.0,False,raw_return<=-5% and abnormal_return<=rolling_1pct; 20d cooldown
GRS412503005,2020-03-12,-0.192200557103064,-0.1105613255644052,-0.0722527472527472,True,raw_return<=-5% and abnormal_return<=rolling_1pct; 20d cooldown
GRS412503005,2020-06-18,-0.1470588235294119,-0.1470195205452348,-0.0013698630136985,False,raw_return<=-5% and abnormal_return<=rolling_1pct; 20d cooldown
GRS412503005,2020-11-09,-0.0776699029126213,-0.1132899677480933,0.0424528301886792,False,raw_return<=-5% and abnormal_return<=rolling_1pct; 20d cooldown
GRS412503005,2021-06-07,-0.0842490842490842,-0.0860053641490107,0.0,False,raw_return<=-5% and abnormal_return<=rolling_1pct; 20d cooldown
GRS412503005,2022-08-03,-0.0519877675840979,-0.0521428502315142,0.0,False,raw_return<=-5% and abnormal_return<=rolling_1pct; 20d cooldown
GRS412503005,2022-11-09,-0.0516129032258064,-0.0528848383092127,0.0,False,raw_return<=-5% and abnormal_return<=rolling_1pct; 20d cooldown
GRS413313008,2019-09-18,-0.2785714285714286,-0.2793493963253812,0.0050983436853001,False,raw_return<=-5% and abnormal_return<=rolling_1pct; 20d cooldown
GRS413313008,2020-02-24,-0.2542372881355932,-0.2750082344832197,-0.0807623542873488,True,raw_return<=-5% and abnormal_return<=rolling_1pct; 20d cooldown
GRS413313008,2020-04-08,-0.2427184466019417,-0.2468583580576121,0.0,False,raw_return<=-5% and abnormal_return<=rolling_1pct; 20d cooldown
GRS413313008,2021-10-25,-0.1,-0.1044248436340316,0.0,False,raw_return<=-5% and abnormal_return<=rolling_1pct; 20d cooldown
GRS413313008,2022-07-07,-0.0985074626865673,-0.1028520279254079,0.005386806554418,False,raw_return<=-5% and abnormal_return<=rolling_1pct; 20d cooldown
GRS413313008,2022-08-26,-0.1017964071856288,-0.1021810818003093,0.0,False,raw_return<=-5% and abnormal_return<=rolling_1pct; 20d cooldown
GRS419003009,2020-01-16,-0.0628099173553718,-0.0643593093736119,0.0,False,raw_return<=-5% and abnormal_return<=rolling_1pct; 20d cooldown
GRS419003009,2020-03-16,-0.2264026402640263,-0.1405488815581562,-0.0666666666666665,True,raw_return<=-5% and abnormal_return<=rolling_1pct; 20d cooldown
GRS419003009,2021-07-13,-0.0615141955835961,-0.0634006059384927,0.0,False,raw_return<=-5% and abnormal_return<=rolling_1pct; 20d cooldown
GRS419003009,2022-07-29,-0.0694158075601375,-0.0715223262268219,0.0,False,raw_return<=-5% and abnormal_return<=rolling_1pct; 20d cooldown
GRS422003004,2019-09-30,-0.064587973273942,-0.0647149584257318,0.0,True,raw_return<=-5% and abnormal_return<=rolling_1pct; 20d cooldown
GRS422003004,2019-11-11,-0.2999999999999999,-0.2947770054022844,-0.0026113162557334,False,raw_return<=-5% and abnormal_return<=rolling_1pct; 20d cooldown
GRS424003002,2019-12-12,-0.0792079207920791,-0.0816157011805427,0.0,False,raw_return<=-5% and abnormal_return<=rolling_1pct; 20d cooldown
GRS424003002,2020-03-20,-0.0899470899470898,-0.1370418603495529,0.032,False,raw_return<=-5% and abnormal_return<=rolling_1pct; 20d cooldown
GRS424003002,2021-02-26,-0.0765306122448978,-0.0770013214253679,0.0,False,raw_return<=-5% and abnormal_return<=rolling_1pct; 20d cooldown
GRS424003002,2021-07-14,-0.0576923076923077,-0.058695953719843,0.0,False,raw_return<=-5% and abnormal_return<=rolling_1pct; 20d cooldown
GRS424003002,2021-12-29,-0.0642023346303501,-0.0681254615454452,0.0,False,raw_return<=-5% and abnormal_return<=rolling_1pct; 20d cooldown
GRS424003002,2022-04-29,-0.0987951807228916,-0.1027359299236459,0.0,False,raw_return<=-5% and abnormal_return<=rolling_1pct; 20d cooldown
GRS424003002,2022-07-04,-0.165266106442577,-0.1681972698255146,0.0,False,raw_return<=-5% and abnormal_return<=rolling_1pct; 20d cooldown
GRS424003002,2022-09-08,-0.076470588235294,-0.0795330364172563,0.0,False,raw_return<=-5% and abnormal_return<=rolling_1pct; 20d cooldown
GRS426003000,2020-03-17,-0.0711645101663586,-0.0927235451520846,0.0166666666666666,True,raw_return<=-5% and abnormal_return<=rolling_1pct; 20d cooldown
GRS426003000,2020-04-21,-0.076814988290398,-0.0775837126784668,0.0,True,raw_return<=-5% and abnormal_return<=rolling_1pct; 20d cooldown
GRS426003000,2022-07-07,-0.0542907180385289,-0.0624559305660172,0.005386806554418,False,raw_return<=-5% and abnormal_return<=rolling_1pct; 20d cooldown
GRS427003009,2020-02-28,-0.0979591836734693,-0.0601214043669659,-0.0409561084707856,False,raw_return<=-5% and abnormal_return<=rolling_1pct; 20d cooldown
GRS427003009,2020-04-02,-0.0571428571428571,-0.0576520444883511,0.0,False,raw_return<=-5% and abnormal_return<=rolling_1pct; 20d cooldown
GRS427003009,2020-12-03,-0.0534979423868312,-0.0548425272466648,0.0,False,raw_return<=-5% and abnormal_return<=rolling_1pct; 20d cooldown
GRS427003009,2021-06-30,-0.0625,-0.0638476502005247,0.0,False,raw_return<=-5% and abnormal_return<=rolling_1pct; 20d cooldown
GRS427003009,2022-03-08,-0.0513833992094862,-0.0299863661680115,-0.0529010238907849,True,raw_return<=-5% and abnormal_return<=rolling_1pct; 20d cooldown
GRS428003008,2020-02-24,-0.0826086956521738,-0.0351397939585623,-0.0807623542873488,True,raw_return<=-5% and abnormal_return<=rolling_1pct; 20d cooldown
GRS428003008,2020-07-09,-0.0568181818181817,-0.0580552654780061,0.0,False,raw_return<=-5% and abnormal_return<=rolling_1pct; 20d cooldown
GRS428003008,2022-09-29,-0.0997506234413965,-0.0995368301966892,-0.0011764705882352,False,raw_return<=-5% and abnormal_return<=rolling_1pct; 20d cooldown
GRS432003028,2019-09-30,-0.0615384615384614,-0.0633603638505976,0.0,True,raw_return<=-5% and abnormal_return<=rolling_1pct; 20d cooldown
GRS432003028,2020-02-27,-0.1397849462365592,-0.0580809154626858,-0.036900871459695,False,raw_return<=-5% and abnormal_return<=rolling_1pct; 20d cooldown
GRS432003028,2020-04-10,-0.1255319148936169,-0.0877802798684245,-0.0208277703604806,False,raw_return<=-5% and abnormal_return<=rolling_1pct; 20d cooldown
GRS432003028,2020-06-08,-0.0946153846153846,-0.0853046763628074,-0.0060869565217391,False,raw_return<=-5% and abnormal_return<=rolling_1pct; 20d cooldown
GRS432003028,2020-07-13,-0.0632411067193674,-0.0656266629461744,0.0,False,raw_return<=-5% and abnormal_return<=rolling_1pct; 20d cooldown
GRS432003028,2020-08-10,-0.1159999999999999,-0.0960078431323628,-0.0109712075633863,False,raw_return<=-5% and abnormal_return<=rolling_1pct; 20d cooldown
GRS432003028,2021-04-15,-0.0804597701149424,-0.0831004159040468,0.0,False,raw_return<=-5% and abnormal_return<=rolling_1pct; 20d cooldown
GRS432003028,2021-09-22,-0.0532786885245901,-0.0561880090930214,0.0,False,raw_return<=-5% and abnormal_return<=rolling_1pct; 20d cooldown
GRS432003028,2022-06-14,-0.1245487364620939,-0.0614230089025745,-0.050632911392405,False,raw_return<=-5% and abnormal_return<=rolling_1pct; 20d cooldown
GRS432003028,2022-10-25,-0.1878787878787877,-0.1892058851423206,0.0,False,raw_return<=-5% and abnormal_return<=rolling_1pct; 20d cooldown
GRS433003019,2019-10-10,-0.0625,-0.0634218883236243,0.0,False,raw_return<=-5% and abnormal_return<=rolling_1pct; 20d cooldown
GRS433003019,2020-09-02,-0.0761904761904762,-0.0760878342653617,0.0,False,raw_return<=-5% and abnormal_return<=rolling_1pct; 20d cooldown
GRS434003000,2021-09-24,-0.1152993348115298,-0.1123093350456256,-0.004032258064516,False,raw_return<=-5% and abnormal_return<=rolling_1pct; 20d cooldown
GRS434003000,2022-06-14,-0.1050779286073404,-0.0375388696433754,-0.050632911392405,False,raw_return<=-5% and abnormal_return<=rolling_1pct; 20d cooldown
GRS434003000,2022-08-05,-0.0505297473512631,-0.0435166949808006,-0.0048661800486619,False,raw_return<=-5% and abnormal_return<=rolling_1pct; 20d cooldown
GRS434003000,2022-09-07,-0.0529197080291971,-0.0530308296718928,0.0,False,raw_return<=-5% and abnormal_return<=rolling_1pct; 20d cooldown
GRS438003006,2020-02-24,-0.0916666666666665,-0.1065653365099946,-0.0807623542873488,True,raw_return<=-5% and abnormal_return<=rolling_1pct; 20d cooldown
GRS438003006,2021-02-04,-0.1,-0.1016111385508371,0.0,False,raw_return<=-5% and abnormal_return<=rolling_1pct; 20d cooldown
GRS438003006,2021-07-30,-0.0909090909090909,-0.0933522501493338,0.0,False,raw_return<=-5% and abnormal_return<=rolling_1pct; 20d cooldown
GRS438003006,2021-12-13,-0.1098901098901098,-0.1093091015740518,-0.0098039215686274,False,raw_return<=-5% and abnormal_return<=rolling_1pct; 20d cooldown
GRS438003006,2022-08-29,-0.0909090909090909,-0.0836212104883845,-0.0190943807965083,False,raw_return<=-5% and abnormal_return<=rolling_1pct; 20d cooldown
GRS438003006,2022-10-06,-0.096,-0.097115171787059,0.0,False,raw_return<=-5% and abnormal_return<=rolling_1pct; 20d cooldown
GRS439003005,2019-10-24,-0.1767676767676768,-0.1786528356812852,0.0,False,raw_return<=-5% and abnormal_return<=rolling_1pct; 20d cooldown
GRS439003005,2020-02-26,-0.1870967741935484,-0.1888096399724929,-0.0163934426229508,False,raw_return<=-5% and abnormal_return<=rolling_1pct; 20d cooldown
GRS439003005,2020-03-27,-0.197080291970803,-0.1994955195546598,-0.0106194690265487,True,raw_return<=-5% and abnormal_return<=rolling_1pct; 20d cooldown
GRS439003005,2020-08-28,-0.1942446043165467,-0.1961352596301551,0.0,False,raw_return<=-5% and abnormal_return<=rolling_1pct; 20d cooldown
GRS439003005,2021-08-12,-0.1150442477876105,-0.1188646734974074,-0.0013679890560873,False,raw_return<=-5% and abnormal_return<=rolling_1pct; 20d cooldown
GRS439003005,2021-11-16,-0.0923076923076924,-0.0973749172747374,0.0,False,raw_return<=-5% and abnormal_return<=rolling_1pct; 20d cooldown
GRS439003005,2021-12-28,-0.0923076923076924,-0.0957736101929546,0.0,False,raw_return<=-5% and abnormal_return<=rolling_1pct; 20d cooldown
GRS439003005,2022-03-08,-0.1459074733096086,-0.1079305259246165,-0.0529010238907849,True,raw_return<=-5% and abnormal_return<=rolling_1pct; 20d cooldown
GRS449003003,2020-03-24,-0.0843373493975903,-0.1061711702256722,0.024390243902439,False,raw_return<=-5% and abnormal_return<=rolling_1pct; 20d cooldown
GRS449003003,2020-06-29,-0.0543933054393305,-0.0555476609465398,0.0,False,raw_return<=-5% and abnormal_return<=rolling_1pct; 20d cooldown
GRS449003003,2020-08-28,-0.0595744680851063,-0.0605229361514369,0.0,False,raw_return<=-5% and abnormal_return<=rolling_1pct; 20d cooldown
GRS449003003,2021-01-01,-0.0627376425855513,-0.059351212238491,-0.0087719298245614,False,raw_return<=-5% and abnormal_return<=rolling_1pct; 20d cooldown
GRS449003003,2021-06-21,-0.0645569620253165,-0.0751831637072946,0.0094611528822055,False,raw_return<=-5% and abnormal_return<=rolling_1pct; 20d cooldown
GRS449003003,2021-07-30,-0.0600600600600601,-0.0610407292023679,0.0,False,raw_return<=-5% and abnormal_return<=rolling_1pct; 20d cooldown
GRS457003002,2019-09-13,-0.1031390134529147,-0.1049740783500083,0.0,False,raw_return<=-5% and abnormal_return<=rolling_1pct; 20d cooldown
GRS457003002,2020-02-24,-0.1372549019607842,-0.1038917907890236,-0.0807623542873488,True,raw_return<=-5% and abnormal_return<=rolling_1pct; 20d cooldown
GRS457003002,2020-03-23,-0.2892857142857143,-0.2652348550378069,-0.0217391304347825,True,raw_return<=-5% and abnormal_return<=rolling_1pct; 20d cooldown
GRS457003002,2021-02-02,-0.1782945736434108,-0.1883335345083306,0.0028368794326241,False,raw_return<=-5% and abnormal_return<=rolling_1pct; 20d cooldown
GRS461003006,2019-10-17,-0.0927419354838708,-0.093712455428701,0.0,False,raw_return<=-5% and abnormal_return<=rolling_1pct; 20d cooldown
GRS461003006,2020-01-28,-0.0839160839160838,-0.085030300841597,0.0,False,raw_return<=-5% and abnormal_return<=rolling_1pct; 20d cooldown
GRS461003006,2020-03-11,-0.0992366412213741,-0.0980685747880077,-0.0094235033259423,True,raw_return<=-5% and abnormal_return<=rolling_1pct; 20d cooldown
GRS461003006,2020-05-18,-0.1578947368421053,-0.1614046300545736,0.0056338028169014,False,raw_return<=-5% and abnormal_return<=rolling_1pct; 20d cooldown
GRS461003006,2020-11-20,-0.0983606557377048,-0.1003300180334598,0.0,False,raw_return<=-5% and abnormal_return<=rolling_1pct; 20d cooldown
GRS461003006,2021-02-10,-0.1232876712328766,-0.1236812816495581,0.0,False,raw_return<=-5% and abnormal_return<=rolling_1pct; 20d cooldown
GRS461003006,2021-03-25,-0.1008547008547007,-0.1016853222180577,-0.0045226130653264,False,raw_return<=-5% and abnormal_return<=rolling_1pct; 20d cooldown
GRS461003006,2022-02-08,-0.0636363636363637,-0.0670078756619124,0.0,False,raw_return<=-5% and abnormal_return<=rolling_1pct; 20d cooldown
GRS461003006,2022-09-09,-0.0519230769230769,-0.0551461531729717,0.0023215322112593,False,raw_return<=-5% and abnormal_return<=rolling_1pct; 20d cooldown
GRS469003024,2021-09-23,-0.0604534005037783,-0.0534381371734135,-0.0121951219512195,False,raw_return<=-5% and abnormal_return<=rolling_1pct; 20d cooldown
GRS470003013,2020-03-23,-0.0845410628019323,-0.0549707529591384,-0.0217391304347825,True,raw_return<=-5% and abnormal_return<=rolling_1pct; 20d cooldown
GRS470003013,2021-03-15,-0.0644036697247706,-0.0628720038253966,-0.0023391812865497,False,raw_return<=-5% and abnormal_return<=rolling_1pct; 20d cooldown
GRS472003011,2019-09-11,-0.0556900726392252,-0.0607121386525932,0.0,False,raw_return<=-5% and abnormal_return<=rolling_1pct; 20d cooldown
GRS472003011,2019-11-18,-0.056910569105691,-0.0615369611319472,0.0,False,raw_return<=-5% and abnormal_return<=rolling_1pct; 20d cooldown
GRS473003002,2020-03-13,-0.0821917808219176,-0.0837412482542916,0.0,False,raw_return<=-5% and abnormal_return<=rolling_1pct; 20d cooldown
GRS473003002,2020-05-15,-0.0999999999999999,-0.1018975100396628,0.0,False,raw_return<=-5% and abnormal_return<=rolling_1pct; 20d cooldown
GRS473003002,2020-08-24,-0.1,-0.1006333967466178,0.0,False,raw_return<=-5% and abnormal_return<=rolling_1pct; 20d cooldown
GRS473003002,2020-11-23,-0.0914127423822713,-0.0916636479698643,0.0,False,raw_return<=-5% and abnormal_return<=rolling_1pct; 20d cooldown
GRS473003002,2021-09-27,-0.0693430656934307,-0.0730335651641531,0.0,False,raw_return<=-5% and abnormal_return<=rolling_1pct; 20d cooldown
GRS474003001,2019-10-01,-0.0646651270207852,-0.066621669803508,0.0,False,raw_return<=-5% and abnormal_return<=rolling_1pct; 20d cooldown
GRS474003001,2020-03-12,-0.178988326848249,-0.0888723529569582,-0.0722527472527472,True,raw_return<=-5% and abnormal_return<=rolling_1pct; 20d cooldown
GRS474003001,2021-09-17,-0.0523415977961433,-0.0540894451103381,0.0,False,raw_return<=-5% and abnormal_return<=rolling_1pct; 20d cooldown
GRS474003001,2022-09-30,-0.0636704119850187,-0.0638377686304831,0.0,False,raw_return<=-5% and abnormal_return<=rolling_1pct; 20d cooldown
GRS475003018,2019-08-26,-0.2010309278350516,-0.2041101233610549,0.0,False,raw_return<=-5% and abnormal_return<=rolling_1pct; 20d cooldown
GRS475003018,2020-11-03,-0.1351351351351352,-0.1420495991154806,0.0,False,raw_return<=-5% and abnormal_return<=rolling_1pct; 20d cooldown
GRS475003018,2021-03-25,-0.1565217391304347,-0.1539504064561178,-0.0045226130653264,False,raw_return<=-5% and abnormal_return<=rolling_1pct; 20d cooldown
GRS475003018,2021-06-18,-0.1196319018404906,-0.1098017417878193,-0.006552217453505,False,raw_return<=-5% and abnormal_return<=rolling_1pct; 20d cooldown
GRS475003018,2022-05-24,-0.0897435897435897,-0.0913399273252131,0.0,False,raw_return<=-5% and abnormal_return<=rolling_1pct; 20d cooldown
GRS477003008,2020-03-03,-0.0659873847646773,-0.0464769870932497,-0.0214108082241153,False,raw_return<=-5% and abnormal_return<=rolling_1pct; 20d cooldown
GRS477003008,2020-06-19,-0.0533333333333333,-0.0532206513524455,0.0,False,raw_return<=-5% and abnormal_return<=rolling_1pct; 20d cooldown
GRS477003008,2020-07-30,-0.0909090909090909,-0.0893890521038902,-0.0047904260323798,False,raw_return<=-5% and abnormal_return<=rolling_1pct; 20d cooldown
GRS477003008,2020-09-23,-0.0662251655629139,-0.0657724138580179,0.0,False,raw_return<=-5% and abnormal_return<=rolling_1pct; 20d cooldown
GRS477003008,2020-11-04,-0.0559440559440558,-0.0552443263064946,0.0,False,raw_return<=-5% and abnormal_return<=rolling_1pct; 20d cooldown
GRS477003008,2022-04-15,-0.0685714285714286,-0.0689900296440134,0.0,False,raw_return<=-5% and abnormal_return<=rolling_1pct; 20d cooldown
GRS477003008,2022-07-25,-0.0575757575757576,-0.0585133893385388,0.0,False,raw_return<=-5% and abnormal_return<=rolling_1pct; 20d cooldown
GRS484003009,2019-09-03,-0.1882352941176471,-0.1911689870270785,0.0,False,raw_return<=-5% and abnormal_return<=rolling_1pct; 20d cooldown
GRS484003009,2020-02-28,-0.2,-0.1946717085879551,-0.0409561084707856,False,raw_return<=-5% and abnormal_return<=rolling_1pct; 20d cooldown
GRS484003009,2020-04-07,-0.1729323308270677,-0.1940303768627699,0.0170068027210883,False,raw_return<=-5% and abnormal_return<=rolling_1pct; 20d cooldown
GRS484003009,2020-06-15,-0.1962616822429906,-0.2001476005459986,0.0,False,raw_return<=-5% and abnormal_return<=rolling_1pct; 20d cooldown
GRS484003009,2020-09-04,-0.1999999999999999,-0.2037598393747758,0.0,False,raw_return<=-5% and abnormal_return<=rolling_1pct; 20d cooldown
GRS487003006,2020-03-27,-0.0842696629213484,-0.0770573522917139,-0.0106194690265487,True,raw_return<=-5% and abnormal_return<=rolling_1pct; 20d cooldown
GRS487003006,2021-02-18,-0.0674157303370787,-0.0675785586415951,0.0,False,raw_return<=-5% and abnormal_return<=rolling_1pct; 20d cooldown
GRS487003006,2022-09-28,-0.088,-0.089668228199272,-0.0016638935108153,False,raw_return<=-5% and abnormal_return<=rolling_1pct; 20d cooldown
GRS488003005,2020-03-09,-0.2892561983471075,-0.1359892269359751,-0.118,True,raw_return<=-5% and abnormal_return<=rolling_1pct; 20d cooldown
GRS489003004,2019-11-04,-0.1639344262295082,-0.1693624953473683,0.0,False,raw_return<=-5% and abnormal_return<=rolling_1pct; 20d cooldown
GRS489003004,2022-05-12,-0.057356608478803,-0.0439100518587801,-0.0213333333333333,False,raw_return<=-5% and abnormal_return<=rolling_1pct; 20d cooldown
GRS489003004,2022-07-11,-0.053012048192771,-0.0483546049784721,-0.0067595341402146,False,raw_return<=-5% and abnormal_return<=rolling_1pct; 20d cooldown
GRS495003006,2020-02-26,-0.0615989515072084,-0.0386384573899567,-0.0163934426229508,False,raw_return<=-5% and abnormal_return<=rolling_1pct; 20d cooldown
GRS495003006,2020-03-25,-0.1146853146853145,-0.0842376551785986,-0.0177777777777777,True,raw_return<=-5% and abnormal_return<=rolling_1pct; 20d cooldown
GRS495003006,2020-05-04,-0.200503054257995,-0.155715235591185,-0.0246305418719211,True,raw_return<=-5% and abnormal_return<=rolling_1pct; 20d cooldown
GRS495003006,2021-03-22,-0.1230088495575221,-0.1252023121506593,0.0,False,raw_return<=-5% and abnormal_return<=rolling_1pct; 20d cooldown
GRS495003006,2021-05-24,-0.0711805555555555,-0.0754433399221817,0.0011428571428571,False,raw_return<=-5% and abnormal_return<=rolling_1pct; 20d cooldown
GRS496003005,2020-03-25,-0.057259158751696,-0.0394385723211648,-0.0177777777777777,True,raw_return<=-5% and abnormal_return<=rolling_1pct; 20d cooldown
GRS496003005,2021-02-19,-0.1074020319303337,-0.1113111710208902,0.0,False,raw_return<=-5% and abnormal_return<=rolling_1pct; 20d cooldown
GRS496003005,2022-06-14,-0.0693371067813213,-0.032191887885383,-0.050632911392405,False,raw_return<=-5% and abnormal_return<=rolling_1pct; 20d cooldown
GRS497003012,2019-09-23,-0.197080291970803,-0.2029908005815172,0.0,False,raw_return<=-5% and abnormal_return<=rolling_1pct; 20d cooldown
GRS497003012,2019-10-21,-0.2,-0.2066901916892787,0.0,False,raw_return<=-5% and abnormal_return<=rolling_1pct; 20d cooldown
GRS497003012,2021-07-28,-0.0941176470588235,-0.0974342170865121,0.0,False,raw_return<=-5% and abnormal_return<=rolling_1pct; 20d cooldown
GRS497003012,2022-03-08,-0.1112716763005779,-0.0679182629485024,-0.0529010238907849,True,raw_return<=-5% and abnormal_return<=rolling_1pct; 20d cooldown
GRS498003003,2020-01-08,-0.0542635658914729,-0.0573177220251385,0.0,False,raw_return<=-5% and abnormal_return<=rolling_1pct; 20d cooldown
GRS498003003,2020-02-18,-0.0625,-0.0607411225446432,-0.0041808230686549,False,raw_return<=-5% and abnormal_return<=rolling_1pct; 20d cooldown
GRS498003003,2020-03-20,-0.0618556701030926,-0.0791465070387914,0.032,False,raw_return<=-5% and abnormal_return<=rolling_1pct; 20d cooldown
GRS498003003,2020-07-15,-0.0826169008177815,-0.0846781028055832,0.0,False,raw_return<=-5% and abnormal_return<=rolling_1pct; 20d cooldown
GRS498003003,2022-01-18,-0.1065217391304346,-0.1053558503417738,-0.0060606060606061,False,raw_return<=-5% and abnormal_return<=rolling_1pct; 20d cooldown
GRS498003003,2022-05-05,-0.0548780487804877,-0.0527206276010391,-0.0089086859688195,False,raw_return<=-5% and abnormal_return<=rolling_1pct; 20d cooldown
GRS498003003,2022-06-14,-0.1266666666666666,-0.0674208365141615,-0.050632911392405,False,raw_return<=-5% and abnormal_return<=rolling_1pct; 20d cooldown
GRS504003021,2019-12-16,-0.0648648648648648,-0.0650296075725899,-0.0036380954900845,False,raw_return<=-5% and abnormal_return<=rolling_1pct; 20d cooldown
GRS504003021,2020-03-04,-0.0564516129032258,-0.0576710594682506,0.0,False,raw_return<=-5% and abnormal_return<=rolling_1pct; 20d cooldown
GRS504003021,2020-04-21,-0.094017094017094,-0.0951923464853867,0.0,True,raw_return<=-5% and abnormal_return<=rolling_1pct; 20d cooldown
GRS504003021,2020-06-02,-0.2492307692232616,-0.2497022602793602,0.0,False,raw_return<=-5% and abnormal_return<=rolling_1pct; 20d cooldown
GRS504003021,2020-07-06,-0.0973451327433629,-0.0970861365763632,0.0,False,raw_return<=-5% and abnormal_return<=rolling_1pct; 20d cooldown
GRS504003021,2021-07-16,-0.0909090909090909,-0.0928549270474915,0.0020950210378681,False,raw_return<=-5% and abnormal_return<=rolling_1pct; 20d cooldown
GRS504003021,2022-02-01,-0.0769230769230767,-0.077400560047059,0.0,False,raw_return<=-5% and abnormal_return<=rolling_1pct; 20d cooldown
GRS516003001,2020-03-18,-0.0601503759398496,-0.0613415754385429,0.0,True,raw_return<=-5% and abnormal_return<=rolling_1pct; 20d cooldown
GRS516003001,2020-07-02,-0.051470588235294,-0.0539389540857458,0.0020876826722338,False,raw_return<=-5% and abnormal_return<=rolling_1pct; 20d cooldown
GRS516003001,2020-09-09,-0.0787401574803149,-0.0799137917613022,0.0,False,raw_return<=-5% and abnormal_return<=rolling_1pct; 20d cooldown
GRS517003000,2019-09-02,-0.0588235294117646,-0.0598296370592679,0.0,False,raw_return<=-5% and abnormal_return<=rolling_1pct; 20d cooldown
GRS517003000,2020-08-10,-0.0507462686567163,-0.0413190399644587,-0.0109712075633863,False,raw_return<=-5% and abnormal_return<=rolling_1pct; 20d cooldown
GRS518003009,2020-03-23,-0.0733471074380165,-0.0465337711764477,-0.0217391304347825,True,raw_return<=-5% and abnormal_return<=rolling_1pct; 20d cooldown
GRS518003009,2020-04-30,-0.050925925925926,-0.0444718257874395,-0.0064935064935065,False,raw_return<=-5% and abnormal_return<=rolling_1pct; 20d cooldown
GRS518003009,2022-08-29,-0.05741127348643,-0.0357918251691328,-0.0190943807965083,False,raw_return<=-5% and abnormal_return<=rolling_1pct; 20d cooldown
GRS520003005,2020-04-08,-0.0683229813664597,-0.0682864893476362,0.0,False,raw_return<=-5% and abnormal_return<=rolling_1pct; 20d cooldown
GRS520003005,2020-05-11,-0.0584795321637426,-0.0583798336223049,0.0,False,raw_return<=-5% and abnormal_return<=rolling_1pct; 20d cooldown
